label,f0,f1,f2,f3,f4,f5,f6,f7,f8,f9,f10,f11,f12,f13,f14,f15,f16,f17,f18,f19,f20,f21,f22,f23,f24,f25,f26,f27,f28,f29,f30,f31,f32,f33,f34,f35,f36,f37,f38,f39,f40,f41,f42,f43,f44,f45,f46,f47,f48,f49,f50,f51,f52,f53,f54,f55,f56,f57,f58,f59,f60,f61,f62,f63,f64,f65,f66,f67
F,0.0,0.0,0.0,0.2740493416786194,-0.1120036393404007,-0.07202165573835373,0.48673215508461,-0.3049114942550659,-0.12013884633779526,0.6497517228126526,-0.42410093545913696,-0.182707279920578,0.7576640844345093,-0.5606204271316528,-0.24061354994773865,0.3361869156360626,-0.855734646320343,-0.06217490881681442,0.5207161903381348,-1.0307400226593018,-0.20765042304992676,0.6348041892051697,-0.8699723482131958,-0.3177195191383362,0.6884963512420654,-0.6775995492935181,-0.3720618486404419,0.2049938440322876,-0.9728022813796997,-0.10785731673240662,0.3010120689868927,-1.3893539905548096,-0.18260984122753143,0.367068886756897,-1.6477192640304565,-0.2497246116399765,0.3946084678173065,-1.86875319480896,-0.29574793577194214,0.05583319440484047,-0.9646293520927429,-0.17500828206539154,0.056187648326158524,-1.3481541872024536,-0.2528570294380188,0.07981545478105545,-1.6145650148391724,-0.3124464750289917,0.09235011041164398,-1.8376747369766235,-0.3517363667488098,-0.09581375122070312,-0.8444491028785706,-0.2530633211135864,-0.20969296991825104,-1.0732544660568237,-0.3258674740791321,-0.2752567231655121,-1.2562748193740845,-0.3518613576889038,-0.3302113115787506,-1.4260716438293457,-0.36240845918655396,0.3915422558784485,0.501880407333374,0.9348714351654053,0.891501247882843,0.6365401744842529
F,0.0,0.0,0.0,0.2791593372821808,-0.10716111958026886,-0.08357374370098114,0.49745842814445496,-0.292777955532074,-0.14475677907466888,0.6625154614448547,-0.4096815586090088,-0.21942363679409027,0.7671491503715515,-0.5769412517547607,-0.2872024476528168,0.33863186836242676,-0.857485294342041,-0.08263011276721954,0.5283699035644531,-1.0405821800231934,-0.24386101961135864,0.6497853994369507,-0.8695172667503357,-0.3623058497905731,0.7099154591560364,-0.666382372379303,-0.4194403290748596,0.20446205139160156,-0.97077476978302,-0.125664621591568,0.28946492075920105,-1.4007518291473389,-0.20635533332824707,0.35352370142936707,-1.6718701124191284,-0.26956906914711,0.38347092270851135,-1.9086273908615112,-0.3124649226665497,0.058469440788030624,-0.9573703408241272,-0.19253474473953247,0.04930616915225983,-1.34981107711792,-0.2704450786113739,0.07469385117292404,-1.6203914880752563,-0.31839656829833984,0.08795581758022308,-1.8459501266479492,-0.3496251106262207,-0.08684778958559036,-0.8343245983123779,-0.2730662524700165,-0.21222136914730072,-1.0648314952850342,-0.34625160694122314,-0.2824925482273102,-1.2591207027435303,-0.3685114085674286,-0.3372856378555298,-1.438248872756958,-0.3751758933067322,0.4168604612350464,0.536482036113739,0.9728854298591614,0.9028404951095581,0.6617174744606018
F,0.0,0.0,0.0,0.2714373767375946,-0.11447551846504211,-0.08408138900995255,0.49340370297431946,-0.3031711280345917,-0.1388431340456009,0.6620721220970154,-0.41498902440071106,-0.20424428582191467,0.7553490400314331,-0.5735908150672913,-0.2630717158317566,0.3284909725189209,-0.865953803062439,-0.08836563676595688,0.5146900415420532,-1.0643303394317627,-0.24429573118686676,0.6278187036514282,-0.8957406282424927,-0.35987764596939087,0.6842807531356812,-0.6911032199859619,-0.41599124670028687,0.19015102088451385,-0.9732966423034668,-0.1285932958126068,0.2648511528968811,-1.4155220985412598,-0.20782122015953064,0.3287479877471924,-1.673712968826294,-0.27423685789108276,0.3580740988254547,-1.8836603164672852,-0.3211020529270172,0.04328474774956703,-0.9576083421707153,-0.19109691679477692,0.0361027866601944,-1.3472837209701538,-0.26858726143836975,0.06085498631000519,-1.617290735244751,-0.31988999247550964,0.07303085178136826,-1.831692099571228,-0.3545495569705963,-0.10011886060237885,-0.8347324728965759,-0.2665916979312897,-0.2289360612630844,-1.0755620002746582,-0.3408547043800354,-0.3016485273838043,-1.2724066972732544,-0.3658388555049896,-0.35395732522010803,-1.4530675411224365,-0.3753550052642822,0.3964529037475586,0.5142933130264282,0.9455261826515198,0.8897324800491333,0.6772013306617737
F,0.0,0.0,0.0,0.2714373767375946,-0.11447551846504211,-0.08408138900995255,0.49340370297431946,-0.3031711280345917,-0.1388431340456009,0.6620721220970154,-0.41498902440071106,-0.20424428582191467,0.7553490400314331,-0.5735908150672913,-0.2630717158317566,0.3284909725189209,-0.865953803062439,-0.08836563676595688,0.5146900415420532,-1.0643303394317627,-0.24429573118686676,0.6278187036514282,-0.8957406282424927,-0.35987764596939087,0.6842807531356812,-0.6911032199859619,-0.41599124670028687,0.19015102088451385,-0.9732966423034668,-0.1285932958126068,0.2648511528968811,-1.4155220985412598,-0.20782122015953064,0.3287479877471924,-1.673712968826294,-0.27423685789108276,0.3580740988254547,-1.8836603164672852,-0.3211020529270172,0.04328474774956703,-0.9576083421707153,-0.19109691679477692,0.0361027866601944,-1.3472837209701538,-0.26858726143836975,0.06085498631000519,-1.617290735244751,-0.31988999247550964,0.07303085178136826,-1.831692099571228,-0.3545495569705963,-0.10011886060237885,-0.8347324728965759,-0.2665916979312897,-0.2289360612630844,-1.0755620002746582,-0.3408547043800354,-0.3016485273838043,-1.2724066972732544,-0.3658388555049896,-0.35395732522010803,-1.4530675411224365,-0.3753550052642822,0.3964529037475586,0.5142933130264282,0.9455261826515198,0.8897324800491333,0.6772013306617737
F,0.0,0.0,0.0,0.28083062171936035,-0.12072020769119263,-0.08309128880500793,0.5122459530830383,-0.3155920207500458,-0.13838575780391693,0.6855411529541016,-0.4365469515323639,-0.20295637845993042,0.776179313659668,-0.6072453260421753,-0.26213333010673523,0.32811418175697327,-0.8675897717475891,-0.10233746469020844,0.515626072883606,-1.074609637260437,-0.26576048135757446,0.6258257031440735,-0.9104671478271484,-0.3888973593711853,0.6832720041275024,-0.7059344053268433,-0.45143449306488037,0.18605412542819977,-0.9715611338615417,-0.14646799862384796,0.2654658555984497,-1.4414663314819336,-0.23809628188610077,0.3281264901161194,-1.7242882251739502,-0.318560928106308,0.359422892332077,-1.9546717405319214,-0.37806299328804016,0.03656892478466034,-0.9532880783081055,-0.21129995584487915,0.03305652365088463,-1.3706715106964111,-0.3001078963279724,0.04991846904158592,-1.653342366218567,-0.3631257116794586,0.060118306428194046,-1.8776819705963135,-0.4072369337081909,-0.10642620176076889,-0.8276532888412476,-0.28768426179885864,-0.23921869695186615,-1.083583116531372,-0.3690854609012604,-0.31641530990600586,-1.2875293493270874,-0.3995210528373718,-0.3712709844112396,-1.4741015434265137,-0.41548430919647217,0.41235414147377014,0.5235821604728699,1.0247923135757446,0.9452248215675354,0.7101907730102539
F,0.0,0.0,0.0,0.27430543303489685,-0.117691271007061,-0.08020656555891037,0.4978227913379669,-0.31346291303634644,-0.1324613243341446,0.6738623380661011,-0.4336094558238983,-0.1942751109600067,0.7640172243118286,-0.5982891321182251,-0.2499406337738037,0.331643283367157,-0.8696836829185486,-0.0805681124329567,0.5219596028327942,-1.0620839595794678,-0.23093700408935547,0.6278612017631531,-0.8941279053688049,-0.34816163778305054,0.6747292876243591,-0.6871094107627869,-0.407225102186203,0.19152018427848816,-0.9741830229759216,-0.11953028291463852,0.2669628858566284,-1.4142147302627563,-0.19419220089912415,0.3217929005622864,-1.6915112733840942,-0.2675909996032715,0.3368980288505554,-1.9182775020599365,-0.3235405385494232,0.04508444294333458,-0.957915186882019,-0.1797201931476593,0.040745168924331665,-1.3481591939926147,-0.2505704462528229,0.06020724028348923,-1.6279534101486206,-0.3099058270454407,0.061992861330509186,-1.8481210470199585,-0.35461723804473877,-0.09423694759607315,-0.8307189345359802,-0.25202539563179016,-0.22696392238140106,-1.0782686471939087,-0.32003578543663025,-0.3065207600593567,-1.2762789726257324,-0.3474675714969635,-0.3665452301502228,-1.4579755067825317,-0.3627474308013916,0.40716928243637085,0.5076870322227478,0.9767647385597229,0.907381534576416,0.6927207112312317
F,0.0,0.0,0.0,0.27430543303489685,-0.117691271007061,-0.08020656555891037,0.4978227913379669,-0.31346291303634644,-0.1324613243341446,0.6738623380661011,-0.4336094558238983,-0.1942751109600067,0.7640172243118286,-0.5982891321182251,-0.2499406337738037,0.331643283367157,-0.8696836829185486,-0.0805681124329567,0.5219596028327942,-1.0620839595794678,-0.23093700408935547,0.6278612017631531,-0.8941279053688049,-0.34816163778305054,0.6747292876243591,-0.6871094107627869,-0.407225102186203,0.19152018427848816,-0.9741830229759216,-0.11953028291463852,0.2669628858566284,-1.4142147302627563,-0.19419220089912415,0.3217929005622864,-1.6915112733840942,-0.2675909996032715,0.3368980288505554,-1.9182775020599365,-0.3235405385494232,0.04508444294333458,-0.957915186882019,-0.1797201931476593,0.040745168924331665,-1.3481591939926147,-0.2505704462528229,0.06020724028348923,-1.6279534101486206,-0.3099058270454407,0.061992861330509186,-1.8481210470199585,-0.35461723804473877,-0.09423694759607315,-0.8307189345359802,-0.25202539563179016,-0.22696392238140106,-1.0782686471939087,-0.32003578543663025,-0.3065207600593567,-1.2762789726257324,-0.3474675714969635,-0.3665452301502228,-1.4579755067825317,-0.3627474308013916,0.40716928243637085,0.5076870322227478,0.9767647385597229,0.907381534576416,0.6927207112312317
F,0.0,0.0,0.0,0.2715853750705719,-0.10984660685062408,-0.09712477773427963,0.5052807331085205,-0.30040687322616577,-0.15678854286670685,0.6807153224945068,-0.4197491705417633,-0.22244782745838165,0.7594709396362305,-0.5850130319595337,-0.2814951241016388,0.3454239070415497,-0.8700190186500549,-0.10170990973711014,0.5212432742118835,-1.0734699964523315,-0.2628421485424042,0.6198529005050659,-0.88800448179245,-0.39159655570983887,0.6648326516151428,-0.6735238432884216,-0.4580226242542267,0.19124743342399597,-0.9723192453384399,-0.1342374086380005,0.2589845657348633,-1.4144692420959473,-0.21491189301013947,0.3084593415260315,-1.695940375328064,-0.2957737147808075,0.3221985697746277,-1.93685781955719,-0.358703076839447,0.03513200953602791,-0.9574561715126038,-0.189217671751976,0.032459791749715805,-1.3569239377975464,-0.26512524485588074,0.04907112196087837,-1.6373528242111206,-0.3284374177455902,0.04954588785767555,-1.8567023277282715,-0.37614330649375916,-0.1116764023900032,-0.8326069116592407,-0.25787705183029175,-0.2465987503528595,-1.0834330320358276,-0.3299866020679474,-0.3291265070438385,-1.2867491245269775,-0.3604505658149719,-0.38963979482650757,-1.47184419631958,-0.3780421018600464,0.40145373344421387,0.5172920823097229,0.9989333152770996,0.9185819029808044,0.7073383331298828
F,0.0,0.0,0.0,0.27252134680747986,-0.12132992595434189,-0.092136912047863,0.4966519773006439,-0.3125336170196533,-0.15769405663013458,0.6723486185073853,-0.4290999472141266,-0.2327522486448288,0.7511894702911377,-0.6075071692466736,-0.3007470965385437,0.32769954204559326,-0.8674010634422302,-0.0998249500989914,0.5118182897567749,-1.0844624042510986,-0.27117404341697693,0.6170118451118469,-0.9058277010917664,-0.40150222182273865,0.6614399552345276,-0.6897534132003784,-0.4645492136478424,0.17888283729553223,-0.9739424586296082,-0.13941681385040283,0.25111860036849976,-1.4200609922409058,-0.22733186185359955,0.2990116477012634,-1.700490951538086,-0.3042099177837372,0.3091023862361908,-1.9335232973098755,-0.3589777648448944,0.02699255384504795,-0.959204375743866,-0.20268124341964722,0.019711634144186974,-1.3552064895629883,-0.28397679328918457,0.037797532975673676,-1.6464958190917969,-0.3425905406475067,0.03979963809251785,-1.8760946989059448,-0.3833932876586914,-0.11654866486787796,-0.8356106877326965,-0.27943041920661926,-0.25501319766044617,-1.0776207447052002,-0.3517674207687378,-0.3393338918685913,-1.2812070846557617,-0.3776521384716034,-0.40059778094291687,-1.4675360918045044,-0.3895016610622406,0.4150456488132477,0.5253238081932068,0.9929549098014832,0.9346169829368591,0.701519250869751
F,0.0,0.0,0.0,0.2747793197631836,-0.11737557500600815,-0.09381925314664841,0.5010995864868164,-0.30307814478874207,-0.15914086997509003,0.6713416576385498,-0.41951608657836914,-0.23597590625286102,0.7479602098464966,-0.594980776309967,-0.3047497570514679,0.330830842256546,-0.8703160285949707,-0.08399629592895508,0.5147055983543396,-1.0773719549179077,-0.26029881834983826,0.6154705286026001,-0.8962346315383911,-0.3929543197154999,0.6496759057044983,-0.6754096150398254,-0.45335298776626587,0.180458664894104,-0.9762776494026184,-0.11965230852365494,0.24622145295143127,-1.414189100265503,-0.20211879909038544,0.29430022835731506,-1.6878448724746704,-0.2712090313434601,0.3037622570991516,-1.919098973274231,-0.31762826442718506,0.02959747426211834,-0.9597740173339844,-0.18171806633472443,0.018253523856401443,-1.3429367542266846,-0.25790587067604065,0.03907309100031853,-1.619403600692749,-0.30679193139076233,0.04137061908841133,-1.8371891975402832,-0.3371978998184204,-0.11267925798892975,-0.8334708213806152,-0.2587348222732544,-0.2496206909418106,-1.0672279596328735,-0.3273524343967438,-0.33312371373176575,-1.266180157661438,-0.3480360507965088,-0.39543387293815613,-1.4470438957214355,-0.35267174243927,0.40908345580101013,0.5254284739494324,0.9712416529655457,0.891162097454071,0.6820895671844482
F,0.0,0.0,0.0,0.2747793197631836,-0.11737557500600815,-0.09381925314664841,0.5010995864868164,-0.30307814478874207,-0.15914086997509003,0.6713416576385498,-0.41951608657836914,-0.23597590625286102,0.7479602098464966,-0.594980776309967,-0.3047497570514679,0.330830842256546,-0.8703160285949707,-0.08399629592895508,0.5147055983543396,-1.0773719549179077,-0.26029881834983826,0.6154705286026001,-0.8962346315383911,-0.3929543197154999,0.6496759057044983,-0.6754096150398254,-0.45335298776626587,0.180458664894104,-0.9762776494026184,-0.11965230852365494,0.24622145295143127,-1.414189100265503,-0.20211879909038544,0.29430022835731506,-1.6878448724746704,-0.2712090313434601,0.3037622570991516,-1.919098973274231,-0.31762826442718506,0.02959747426211834,-0.9597740173339844,-0.18171806633472443,0.018253523856401443,-1.3429367542266846,-0.25790587067604065,0.03907309100031853,-1.619403600692749,-0.30679193139076233,0.04137061908841133,-1.8371891975402832,-0.3371978998184204,-0.11267925798892975,-0.8334708213806152,-0.2587348222732544,-0.2496206909418106,-1.0672279596328735,-0.3273524343967438,-0.33312371373176575,-1.266180157661438,-0.3480360507965088,-0.39543387293815613,-1.4470438957214355,-0.35267174243927,0.40908345580101013,0.5254284739494324,0.9712416529655457,0.891162097454071,0.6820895671844482
F,0.0,0.0,0.0,0.2668124735355377,-0.11696045100688934,-0.08948977291584015,0.4878273606300354,-0.3017410635948181,-0.15372410416603088,0.6536936163902283,-0.4155813157558441,-0.22773006558418274,0.7359421849250793,-0.5824909210205078,-0.2945031523704529,0.32247498631477356,-0.8701539635658264,-0.09947719424962997,0.5090303421020508,-1.0649272203445435,-0.27139726281166077,0.6167968511581421,-0.8811240196228027,-0.4029017388820648,0.6611887812614441,-0.6694708466529846,-0.4663720726966858,0.1747167855501175,-0.9749293327331543,-0.13779275119304657,0.23776909708976746,-1.4093819856643677,-0.22443212568759918,0.28768137097358704,-1.6851080656051636,-0.30236977338790894,0.29535746574401855,-1.917362093925476,-0.35798320174217224,0.025160636752843857,-0.9586517214775085,-0.19903375208377838,0.00826942827552557,-1.3523732423782349,-0.2779756188392639,0.025770675390958786,-1.6323317289352417,-0.3374287784099579,0.02400452271103859,-1.8555229902267456,-0.37815096974372864,-0.11739934235811234,-0.8324514031410217,-0.27348849177360535,-0.25685521960258484,-1.0705194473266602,-0.34470027685165405,-0.34113818407058716,-1.2683618068695068,-0.37117302417755127,-0.4040698707103729,-1.4492448568344116,-0.3823702335357666,0.4002501666545868,0.5381566882133484,0.9753038287162781,0.9145830869674683,0.6888173222541809
F,0.0,0.0,0.0,0.2668124735355377,-0.11696045100688934,-0.08948977291584015,0.4878273606300354,-0.3017410635948181,-0.15372410416603088,0.6536936163902283,-0.4155813157558441,-0.22773006558418274,0.7359421849250793,-0.5824909210205078,-0.2945031523704529,0.32247498631477356,-0.8701539635658264,-0.09947719424962997,0.5090303421020508,-1.0649272203445435,-0.27139726281166077,0.6167968511581421,-0.8811240196228027,-0.4029017388820648,0.6611887812614441,-0.6694708466529846,-0.4663720726966858,0.1747167855501175,-0.9749293327331543,-0.13779275119304657,0.23776909708976746,-1.4093819856643677,-0.22443212568759918,0.28768137097358704,-1.6851080656051636,-0.30236977338790894,0.29535746574401855,-1.917362093925476,-0.35798320174217224,0.025160636752843857,-0.9586517214775085,-0.19903375208377838,0.00826942827552557,-1.3523732423782349,-0.2779756188392639,0.025770675390958786,-1.6323317289352417,-0.3374287784099579,0.02400452271103859,-1.8555229902267456,-0.37815096974372864,-0.11739934235811234,-0.8324514031410217,-0.27348849177360535,-0.25685521960258484,-1.0705194473266602,-0.34470027685165405,-0.34113818407058716,-1.2683618068695068,-0.37117302417755127,-0.4040698707103729,-1.4492448568344116,-0.3823702335357666,0.4002501666545868,0.5381566882133484,0.9753038287162781,0.9145830869674683,0.6888173222541809
F,0.0,0.0,0.0,0.2755447328090668,-0.12277993559837341,-0.09191183745861053,0.49933817982673645,-0.3018604815006256,-0.15794961154460907,0.6690006852149963,-0.41707760095596313,-0.23344606161117554,0.7574882507324219,-0.5690258741378784,-0.3029569685459137,0.3323560357093811,-0.8708996176719666,-0.09214868396520615,0.5166829824447632,-1.0368316173553467,-0.25628986954689026,0.6291864514350891,-0.8634493350982666,-0.38613948225975037,0.6812372207641602,-0.6615910530090332,-0.45241180062294006,0.1845320463180542,-0.9740929007530212,-0.13073211908340454,0.24752177298069,-1.4170199632644653,-0.2194594442844391,0.29632264375686646,-1.7078651189804077,-0.30313733220100403,0.30249908566474915,-1.9567581415176392,-0.3649689257144928,0.03702817112207413,-0.9585282802581787,-0.19155552983283997,0.017827777191996574,-1.3605694770812988,-0.27495840191841125,0.032408397644758224,-1.6492445468902588,-0.33865588903427124,0.03104512393474579,-1.881899118423462,-0.3834606409072876,-0.10283553600311279,-0.837302029132843,-0.26536476612091064,-0.2449629306793213,-1.0892170667648315,-0.3371281325817108,-0.3317597508430481,-1.289948582649231,-0.3620242476463318,-0.3970963954925537,-1.4754588603973389,-0.3743881583213806,0.3988056778907776,0.5434314012527466,1.017061471939087,0.9431208968162537,0.7111397385597229
F,0.0,0.0,0.0,0.2746046185493469,-0.11951322853565216,-0.08193542063236237,0.4973602592945099,-0.29800277948379517,-0.14140963554382324,0.6682537794113159,-0.4164717495441437,-0.21139711141586304,0.7560725808143616,-0.5810509920120239,-0.27567097544670105,0.3265933394432068,-0.8680252432823181,-0.087066650390625,0.5103599429130554,-1.0375810861587524,-0.24280811846256256,0.6263617277145386,-0.8706435561180115,-0.36482059955596924,0.6847639679908752,-0.6742609143257141,-0.42734700441360474,0.1813855767250061,-0.9749087691307068,-0.12904314696788788,0.24607311189174652,-1.419871211051941,-0.21105845272541046,0.29886195063591003,-1.707230567932129,-0.28892770409584045,0.3132052421569824,-1.951276183128357,-0.3477921187877655,0.032982442528009415,-0.9634695649147034,-0.19200046360492706,0.01291332021355629,-1.3715617656707764,-0.27116554975509644,0.022546961903572083,-1.654313087463379,-0.3334520757198334,0.020790662616491318,-1.8831816911697388,-0.3785785436630249,-0.10884103178977966,-0.8439027070999146,-0.2667900323867798,-0.24597495794296265,-1.0922935009002686,-0.337251752614975,-0.3315739631652832,-1.286283254623413,-0.3627619743347168,-0.39646244049072266,-1.4662914276123047,-0.3762640953063965,0.4062935709953308,0.5306802988052368,1.0092179775238037,0.9385256171226501,0.6943185925483704
F,0.0,0.0,0.0,0.2746046185493469,-0.11951322853565216,-0.08193542063236237,0.4973602592945099,-0.29800277948379517,-0.14140963554382324,0.6682537794113159,-0.4164717495441437,-0.21139711141586304,0.7560725808143616,-0.5810509920120239,-0.27567097544670105,0.3265933394432068,-0.8680252432823181,-0.087066650390625,0.5103599429130554,-1.0375810861587524,-0.24280811846256256,0.6263617277145386,-0.8706435561180115,-0.36482059955596924,0.6847639679908752,-0.6742609143257141,-0.42734700441360474,0.1813855767250061,-0.9749087691307068,-0.12904314696788788,0.24607311189174652,-1.419871211051941,-0.21105845272541046,0.29886195063591003,-1.707230567932129,-0.28892770409584045,0.3132052421569824,-1.951276183128357,-0.3477921187877655,0.032982442528009415,-0.9634695649147034,-0.19200046360492706,0.01291332021355629,-1.3715617656707764,-0.27116554975509644,0.022546961903572083,-1.654313087463379,-0.3334520757198334,0.020790662616491318,-1.8831816911697388,-0.3785785436630249,-0.10884103178977966,-0.8439027070999146,-0.2667900323867798,-0.24597495794296265,-1.0922935009002686,-0.337251752614975,-0.3315739631652832,-1.286283254623413,-0.3627619743347168,-0.39646244049072266,-1.4662914276123047,-0.3762640953063965,0.4062935709953308,0.5306802988052368,1.0092179775238037,0.9385256171226501,0.6943185925483704
F,0.0,0.0,0.0,0.26558080315589905,-0.12899887561798096,-0.06538208574056625,0.4858599603176117,-0.3333185911178589,-0.11194510757923126,0.6544721126556396,-0.45744597911834717,-0.17170892655849457,0.758063018321991,-0.5927877426147461,-0.22776387631893158,0.3147116005420685,-0.8672314286231995,-0.07233628630638123,0.5020194053649902,-1.0472391843795776,-0.21228018403053284,0.6142925024032593,-0.8989534974098206,-0.3258691728115082,0.6773965954780579,-0.726060152053833,-0.38675665855407715,0.17657135426998138,-0.9771501421928406,-0.11832229793071747,0.24658820033073425,-1.41658353805542,-0.18471989035606384,0.3022858798503876,-1.6926225423812866,-0.25582757592201233,0.3209437429904938,-1.9218214750289917,-0.3130967915058136,0.03512465953826904,-0.9669445753097534,-0.1830824464559555,0.017078330740332603,-1.3791615962982178,-0.24943991005420685,0.017934156581759453,-1.6540786027908325,-0.31032493710517883,0.00784733984619379,-1.8731822967529297,-0.3577444553375244,-0.10007427632808685,-0.84641432762146,-0.25858697295188904,-0.23822247982025146,-1.1001147031784058,-0.32319700717926025,-0.32573825120925903,-1.2933911085128784,-0.350459486246109,-0.39422157406806946,-1.4691855907440186,-0.3673967719078064,0.39348793029785156,0.5003297924995422,0.9752868413925171,0.9233188629150391,0.6972848773002625
F,0.0,0.0,0.0,0.26558080315589905,-0.12899887561798096,-0.06538208574056625,0.4858599603176117,-0.3333185911178589,-0.11194510757923126,0.6544721126556396,-0.45744597911834717,-0.17170892655849457,0.758063018321991,-0.5927877426147461,-0.22776387631893158,0.3147116005420685,-0.8672314286231995,-0.07233628630638123,0.5020194053649902,-1.0472391843795776,-0.21228018403053284,0.6142925024032593,-0.8989534974098206,-0.3258691728115082,0.6773965954780579,-0.726060152053833,-0.38675665855407715,0.17657135426998138,-0.9771501421928406,-0.11832229793071747,0.24658820033073425,-1.41658353805542,-0.18471989035606384,0.3022858798503876,-1.6926225423812866,-0.25582757592201233,0.3209437429904938,-1.9218214750289917,-0.3130967915058136,0.03512465953826904,-0.9669445753097534,-0.1830824464559555,0.017078330740332603,-1.3791615962982178,-0.24943991005420685,0.017934156581759453,-1.6540786027908325,-0.31032493710517883,0.00784733984619379,-1.8731822967529297,-0.3577444553375244,-0.10007427632808685,-0.84641432762146,-0.25858697295188904,-0.23822247982025146,-1.1001147031784058,-0.32319700717926025,-0.32573825120925903,-1.2933911085128784,-0.350459486246109,-0.39422157406806946,-1.4691855907440186,-0.3673967719078064,0.39348793029785156,0.5003297924995422,0.9752868413925171,0.9233188629150391,0.6972848773002625
F,0.0,0.0,0.0,0.28052014112472534,-0.135379359126091,-0.07588516175746918,0.515129566192627,-0.33999258279800415,-0.12468282878398895,0.6934755444526672,-0.4650082290172577,-0.18444807827472687,0.7691969871520996,-0.6191898584365845,-0.24044276773929596,0.33087947964668274,-0.8660499453544617,-0.08927201479673386,0.5149565935134888,-1.0632929801940918,-0.23238837718963623,0.6324945688247681,-0.9262673258781433,-0.34552252292633057,0.7002097964286804,-0.7537502646446228,-0.4061814248561859,0.1791687309741974,-0.9751266241073608,-0.13048608601093292,0.24439407885074615,-1.4312384128570557,-0.2088189721107483,0.2967715561389923,-1.7066843509674072,-0.2837488353252411,0.32543233036994934,-1.9378455877304077,-0.3429051637649536,0.03021947108209133,-0.9683489799499512,-0.1902875155210495,0.016999589279294014,-1.3791667222976685,-0.2677944302558899,0.019689228385686874,-1.6481050252914429,-0.3320329487323761,0.020284516736865044,-1.8627506494522095,-0.3800748288631439,-0.10916345566511154,-0.8551955223083496,-0.2615044414997101,-0.2530800700187683,-1.1141630411148071,-0.3289501368999481,-0.341987282037735,-1.3123916387557983,-0.3575514554977417,-0.40729716420173645,-1.4909006357192993,-0.37620726227760315,0.3948439657688141,0.49944737553596497,0.9966657757759094,0.9143698215484619,0.7114502787590027
F,0.0,0.0,0.0,0.27009105682373047,-0.13821913301944733,-0.06365341693162918,0.49491220712661743,-0.3386802077293396,-0.11067494004964828,0.6616845726966858,-0.46159958839416504,-0.1737993359565735,0.7410362958908081,-0.6242068409919739,-0.23077785968780518,0.3142843246459961,-0.880260169506073,-0.057063378393650055,0.4844570755958557,-1.0568459033966064,-0.20776157081127167,0.6048043370246887,-0.9061674475669861,-0.3252559006214142,0.6729890704154968,-0.7177395820617676,-0.38235199451446533,0.1660291701555252,-0.9809620380401611,-0.10073646903038025,0.22224758565425873,-1.4172285795211792,-0.1708478033542633,0.2729419469833374,-1.6891182661056519,-0.22979550063610077,0.29858753085136414,-1.928734540939331,-0.27201592922210693,0.025680677965283394,-0.9660065174102783,-0.16625015437602997,-0.007505216170102358,-1.3568793535232544,-0.23193204402923584,-0.006115236785262823,-1.6186795234680176,-0.2718648612499237,-0.008407073095440865,-1.8267457485198975,-0.29759150743484497,-0.10334274172782898,-0.8465195298194885,-0.2447693645954132,-0.24784697592258453,-1.0928921699523926,-0.3023326098918915,-0.335464745759964,-1.2901873588562012,-0.3161427676677704,-0.39868712425231934,-1.4654271602630615,-0.31796225905418396,0.3956352174282074,0.5107784867286682,0.9722042083740234,0.8713693022727966,0.689660906791687
F,0.0,0.0,0.0,0.27197718620300293,-0.13104018568992615,-0.06059083715081215,0.5073831677436829,-0.337589293718338,-0.09904288500547409,0.6865220665931702,-0.4663640558719635,-0.1526946723461151,0.7542554140090942,-0.6296991109848022,-0.2016863375902176,0.3228594958782196,-0.8819976449012756,-0.04504922777414322,0.4916009306907654,-1.0650991201400757,-0.17832861840724945,0.6104508638381958,-0.9072036743164062,-0.2858963906764984,0.6761771440505981,-0.7224434614181519,-0.340253621339798,0.1793910413980484,-0.9796658754348755,-0.08985357731580734,0.23536266386508942,-1.4122333526611328,-0.14958909153938293,0.2868102788925171,-1.686621069908142,-0.21069251000881195,0.3078470826148987,-1.9289995431900024,-0.25871163606643677,0.037363648414611816,-0.964633047580719,-0.1555960774421692,0.012389126233756542,-1.3536832332611084,-0.21402719616889954,0.01885414868593216,-1.6201757192611694,-0.2633647620677948,0.01690514199435711,-1.8355103731155396,-0.3009240925312042,-0.09431757032871246,-0.844383955001831,-0.23369364440441132,-0.23482607305049896,-1.0925722122192383,-0.28785064816474915,-0.32258573174476624,-1.2897565364837646,-0.30676013231277466,-0.3887590169906616,-1.468651294708252,-0.31686946749687195,0.3959920406341553,0.4872746169567108,0.9727530479431152,0.883156955242157,0.6952148675918579
F,0.0,0.0,0.0,0.27197718620300293,-0.13104018568992615,-0.06059083715081215,0.5073831677436829,-0.337589293718338,-0.09904288500547409,0.6865220665931702,-0.4663640558719635,-0.1526946723461151,0.7542554140090942,-0.6296991109848022,-0.2016863375902176,0.3228594958782196,-0.8819976449012756,-0.04504922777414322,0.4916009306907654,-1.0650991201400757,-0.17832861840724945,0.6104508638381958,-0.9072036743164062,-0.2858963906764984,0.6761771440505981,-0.7224434614181519,-0.340253621339798,0.1793910413980484,-0.9796658754348755,-0.08985357731580734,0.23536266386508942,-1.4122333526611328,-0.14958909153938293,0.2868102788925171,-1.686621069908142,-0.21069251000881195,0.3078470826148987,-1.9289995431900024,-0.25871163606643677,0.037363648414611816,-0.964633047580719,-0.1555960774421692,0.012389126233756542,-1.3536832332611084,-0.21402719616889954,0.01885414868593216,-1.6201757192611694,-0.2633647620677948,0.01690514199435711,-1.8355103731155396,-0.3009240925312042,-0.09431757032871246,-0.844383955001831,-0.23369364440441132,-0.23482607305049896,-1.0925722122192383,-0.28785064816474915,-0.32258573174476624,-1.2897565364837646,-0.30676013231277466,-0.3887590169906616,-1.468651294708252,-0.31686946749687195,0.3959920406341553,0.4872746169567108,0.9727530479431152,0.883156955242157,0.6952148675918579
F,0.0,0.0,0.0,0.27167758345603943,-0.13396580517292023,-0.06679626554250717,0.5086733102798462,-0.3345065712928772,-0.10802158713340759,0.6913738250732422,-0.4636841416358948,-0.1630699336528778,0.7644426226615906,-0.6309607028961182,-0.21205715835094452,0.3274664580821991,-0.8864230513572693,-0.04238202050328255,0.49467581510543823,-1.077051043510437,-0.17562344670295715,0.6104972958564758,-0.9182755947113037,-0.28582337498664856,0.6760519742965698,-0.7331068515777588,-0.3427179157733917,0.1857951134443283,-0.9790545105934143,-0.08326113969087601,0.2394450157880783,-1.4145898818969727,-0.14423175156116486,0.29339727759361267,-1.69033682346344,-0.20985712110996246,0.3167567551136017,-1.9309245347976685,-0.26212483644485474,0.045122433453798294,-0.9617211818695068,-0.14589689671993256,0.018021777272224426,-1.3533751964569092,-0.2049553096294403,0.026628103107213974,-1.619844913482666,-0.2564236521720886,0.027943534776568413,-1.83212411403656,-0.29602912068367004,-0.0830349400639534,-0.8424747586250305,-0.22155892848968506,-0.2230578511953354,-1.0954481363296509,-0.27619412541389465,-0.30936363339424133,-1.294297695159912,-0.2965138554573059,-0.3721712529659271,-1.4743090867996216,-0.3081040382385254,0.4051251709461212,0.48499417304992676,0.9773432016372681,0.8834229111671448,0.7002173662185669
F,0.0,0.0,0.0,0.27167758345603943,-0.13396580517292023,-0.06679626554250717,0.5086733102798462,-0.3345065712928772,-0.10802158713340759,0.6913738250732422,-0.4636841416358948,-0.1630699336528778,0.7644426226615906,-0.6309607028961182,-0.21205715835094452,0.3274664580821991,-0.8864230513572693,-0.04238202050328255,0.49467581510543823,-1.077051043510437,-0.17562344670295715,0.6104972958564758,-0.9182755947113037,-0.28582337498664856,0.6760519742965698,-0.7331068515777588,-0.3427179157733917,0.1857951134443283,-0.9790545105934143,-0.08326113969087601,0.2394450157880783,-1.4145898818969727,-0.14423175156116486,0.29339727759361267,-1.69033682346344,-0.20985712110996246,0.3167567551136017,-1.9309245347976685,-0.26212483644485474,0.045122433453798294,-0.9617211818695068,-0.14589689671993256,0.018021777272224426,-1.3533751964569092,-0.2049553096294403,0.026628103107213974,-1.619844913482666,-0.2564236521720886,0.027943534776568413,-1.83212411403656,-0.29602912068367004,-0.0830349400639534,-0.8424747586250305,-0.22155892848968506,-0.2230578511953354,-1.0954481363296509,-0.27619412541389465,-0.30936363339424133,-1.294297695159912,-0.2965138554573059,-0.3721712529659271,-1.4743090867996216,-0.3081040382385254,0.4051251709461212,0.48499417304992676,0.9773432016372681,0.8834229111671448,0.7002173662185669
F,0.0,0.0,0.0,0.27005523443222046,-0.13442300260066986,-0.06334951519966125,0.5041447281837463,-0.33941444754600525,-0.10359662026166916,0.6813535690307617,-0.46673518419265747,-0.15910522639751434,0.7552666664123535,-0.6297798156738281,-0.20860332250595093,0.3196800649166107,-0.8879678845405579,-0.0418185293674469,0.48857173323631287,-1.0754603147506714,-0.17930129170417786,0.6062186360359192,-0.916015088558197,-0.2918509542942047,0.6727083921432495,-0.7320645451545715,-0.34946298599243164,0.17862339317798615,-0.9801974296569824,-0.08547919988632202,0.23545904457569122,-1.408759355545044,-0.1490941196680069,0.2889382243156433,-1.6791667938232422,-0.21390029788017273,0.3118090033531189,-1.9182624816894531,-0.2647632658481598,0.038301337510347366,-0.9615834355354309,-0.1510922610759735,0.013595154508948326,-1.3461296558380127,-0.2115081250667572,0.02040521427989006,-1.6107593774795532,-0.2614265978336334,0.02049780637025833,-1.824757695198059,-0.29930800199508667,-0.09063735604286194,-0.8413817286491394,-0.22963929176330566,-0.2282593995332718,-1.0876882076263428,-0.28418606519699097,-0.31515592336654663,-1.2836313247680664,-0.3033089339733124,-0.37977635860443115,-1.4619985818862915,-0.3136735260486603,0.39799585938453674,0.4935382306575775,0.9642858505249023,0.8759878873825073,0.6898031830787659
F,0.0,0.0,0.0,0.27332842350006104,-0.13585709035396576,-0.06718583405017853,0.5041886568069458,-0.33512941002845764,-0.11072642356157303,0.6816336512565613,-0.4631292521953583,-0.16958914697170258,0.7575142979621887,-0.6299483180046082,-0.22213003039360046,0.31442925333976746,-0.8875025510787964,-0.04001285880804062,0.48391246795654297,-1.0719406604766846,-0.18405260145664215,0.601476788520813,-0.9129964113235474,-0.30307313799858093,0.6681026220321655,-0.7225637435913086,-0.3637976050376892,0.17527805268764496,-0.9810752272605896,-0.08227390050888062,0.23105695843696594,-1.4087886810302734,-0.14732864499092102,0.2856047451496124,-1.6804667711257935,-0.21537041664123535,0.30851271748542786,-1.9153178930282593,-0.26826122403144836,0.03695354610681534,-0.9609125256538391,-0.14749044179916382,0.009932017885148525,-1.3552404642105103,-0.21093477308750153,0.015190716832876205,-1.6187070608139038,-0.2613309919834137,0.01285148598253727,-1.8259861469268799,-0.2986224889755249,-0.08938311785459518,-0.8375368714332581,-0.22605054080486298,-0.23168766498565674,-1.0843303203582764,-0.2865011394023895,-0.31805160641670227,-1.2832543849945068,-0.30824965238571167,-0.38106030225753784,-1.4630613327026367,-0.31879207491874695,0.40435484051704407,0.5070761442184448,0.961848258972168,0.8785067796707153,0.6963889002799988
F,0.0,0.0,0.0,0.27332842350006104,-0.13585709035396576,-0.06718583405017853,0.5041886568069458,-0.33512941002845764,-0.11072642356157303,0.6816336512565613,-0.4631292521953583,-0.16958914697170258,0.7575142979621887,-0.6299483180046082,-0.22213003039360046,0.31442925333976746,-0.8875025510787964,-0.04001285880804062,0.48391246795654297,-1.0719406604766846,-0.18405260145664215,0.601476788520813,-0.9129964113235474,-0.30307313799858093,0.6681026220321655,-0.7225637435913086,-0.3637976050376892,0.17527805268764496,-0.9810752272605896,-0.08227390050888062,0.23105695843696594,-1.4087886810302734,-0.14732864499092102,0.2856047451496124,-1.6804667711257935,-0.21537041664123535,0.30851271748542786,-1.9153178930282593,-0.26826122403144836,0.03695354610681534,-0.9609125256538391,-0.14749044179916382,0.009932017885148525,-1.3552404642105103,-0.21093477308750153,0.015190716832876205,-1.6187070608139038,-0.2613309919834137,0.01285148598253727,-1.8259861469268799,-0.2986224889755249,-0.08938311785459518,-0.8375368714332581,-0.22605054080486298,-0.23168766498565674,-1.0843303203582764,-0.2865011394023895,-0.31805160641670227,-1.2832543849945068,-0.30824965238571167,-0.38106030225753784,-1.4630613327026367,-0.31879207491874695,0.40435484051704407,0.5070761442184448,0.961848258972168,0.8785067796707153,0.6963889002799988
F,0.0,0.0,0.0,0.2743476331233978,-0.13087300956249237,-0.06999906152486801,0.5110308527946472,-0.33173948526382446,-0.11545059829950333,0.6853275299072266,-0.45716923475265503,-0.17496715486049652,0.7568648457527161,-0.6220584511756897,-0.22801128029823303,0.32334327697753906,-0.8836149573326111,-0.05248991400003433,0.4870970547199249,-1.06480872631073,-0.19863805174827576,0.6066973805427551,-0.9082359671592712,-0.3148600161075592,0.6731242537498474,-0.7194140553474426,-0.3715795874595642,0.17475222051143646,-0.9802590012550354,-0.09248732775449753,0.22765277326107025,-1.4113481044769287,-0.15946844220161438,0.28004297614097595,-1.6890215873718262,-0.22060555219650269,0.3003421723842621,-1.9342525005340576,-0.26541846990585327,0.03206208720803261,-0.9663929343223572,-0.155178502202034,0.003439795458689332,-1.3530917167663574,-0.2180032581090927,0.011674358509480953,-1.6198941469192505,-0.2602631449699402,0.01155698113143444,-1.8339359760284424,-0.289177805185318,-0.09769617021083832,-0.8491606712341309,-0.2316116839647293,-0.24007336795330048,-1.0918731689453125,-0.28785693645477295,-0.32949596643447876,-1.2879793643951416,-0.30214592814445496,-0.3941577970981598,-1.4671754837036133,-0.305381715297699,0.39672327041625977,0.5011256337165833,0.9776408076286316,0.8780701756477356,0.6894010305404663
F,0.0,0.0,0.0,0.27409303188323975,-0.1255962997674942,-0.07305032759904861,0.5129881501197815,-0.32290974259376526,-0.11938939243555069,0.689323902130127,-0.4489317834377289,-0.17831075191497803,0.757300853729248,-0.6091471910476685,-0.23144829273223877,0.3266940116882324,-0.8812097311019897,-0.060688264667987823,0.49248161911964417,-1.0661927461624146,-0.20699840784072876,0.6125274300575256,-0.9043702483177185,-0.32546520233154297,0.681709885597229,-0.7140058875083923,-0.38512519001960754,0.1799645572900772,-0.9785984754562378,-0.09978882223367691,0.23661445081233978,-1.4125745296478271,-0.1660895049571991,0.29129117727279663,-1.6916446685791016,-0.23152193427085876,0.31119275093078613,-1.935734510421753,-0.28151440620422363,0.036388445645570755,-0.9625087380409241,-0.1609060913324356,0.011321156285703182,-1.352697730064392,-0.22336560487747192,0.020512284711003304,-1.6201081275939941,-0.2719106078147888,0.019761299714446068,-1.8348662853240967,-0.30710336565971375,-0.09640223532915115,-0.8411181569099426,-0.23559843003749847,-0.23656238615512848,-1.0896811485290527,-0.2931674122810364,-0.3235629200935364,-1.2876362800598145,-0.3113761246204376,-0.3863449692726135,-1.4689682722091675,-0.31880882382392883,0.39265480637550354,0.5091686844825745,0.983033299446106,0.8846794366836548,0.6965532898902893
F,0.0,0.0,0.0,0.27748432755470276,-0.12538547813892365,-0.06712595373392105,0.5145808458328247,-0.3222857415676117,-0.10970459878444672,0.6876441240310669,-0.4485776126384735,-0.16535092890262604,0.7629878520965576,-0.6023207306861877,-0.21560198068618774,0.33166074752807617,-0.8785244822502136,-0.053971488028764725,0.4947871267795563,-1.063445806503296,-0.19749833643436432,0.6135287880897522,-0.9000272750854492,-0.3163684010505676,0.6837781071662903,-0.7097147703170776,-0.3778780996799469,0.18550938367843628,-0.9780580401420593,-0.09480869024991989,0.24348163604736328,-1.4123834371566772,-0.16124194860458374,0.2997962534427643,-1.6964207887649536,-0.23130327463150024,0.3197958171367645,-1.945114016532898,-0.28606492280960083,0.04182729497551918,-0.9663447737693787,-0.15658867359161377,0.019892603158950806,-1.3628878593444824,-0.2184511423110962,0.02968057058751583,-1.6297638416290283,-0.27015745639801025,0.029245901852846146,-1.8445667028427124,-0.3089961111545563,-0.09193182736635208,-0.8488823175430298,-0.23112183809280396,-0.229383185505867,-1.099821925163269,-0.2874239981174469,-0.31578174233436584,-1.2963054180145264,-0.305814653635025,-0.3771337866783142,-1.47817862033844,-0.31476643681526184,0.3890243172645569,0.5073449015617371,0.9948914647102356,0.8914371132850647,0.6959528923034668
F,0.0,0.0,0.0,0.27748432755470276,-0.12538547813892365,-0.06712595373392105,0.5145808458328247,-0.3222857415676117,-0.10970459878444672,0.6876441240310669,-0.4485776126384735,-0.16535092890262604,0.7629878520965576,-0.6023207306861877,-0.21560198068618774,0.33166074752807617,-0.8785244822502136,-0.053971488028764725,0.4947871267795563,-1.063445806503296,-0.19749833643436432,0.6135287880897522,-0.9000272750854492,-0.3163684010505676,0.6837781071662903,-0.7097147703170776,-0.3778780996799469,0.18550938367843628,-0.9780580401420593,-0.09480869024991989,0.24348163604736328,-1.4123834371566772,-0.16124194860458374,0.2997962534427643,-1.6964207887649536,-0.23130327463150024,0.3197958171367645,-1.945114016532898,-0.28606492280960083,0.04182729497551918,-0.9663447737693787,-0.15658867359161377,0.019892603158950806,-1.3628878593444824,-0.2184511423110962,0.02968057058751583,-1.6297638416290283,-0.27015745639801025,0.029245901852846146,-1.8445667028427124,-0.3089961111545563,-0.09193182736635208,-0.8488823175430298,-0.23112183809280396,-0.229383185505867,-1.099821925163269,-0.2874239981174469,-0.31578174233436584,-1.2963054180145264,-0.305814653635025,-0.3771337866783142,-1.47817862033844,-0.31476643681526184,0.3890243172645569,0.5073449015617371,0.9948914647102356,0.8914371132850647,0.6959528923034668
F,0.0,0.0,0.0,0.27670881152153015,-0.12317948043346405,-0.07332819700241089,0.5129154324531555,-0.31356367468833923,-0.12288589775562286,0.6877902746200562,-0.43680983781814575,-0.18616512417793274,0.7594652771949768,-0.5929354429244995,-0.24378778040409088,0.33267369866371155,-0.8789212107658386,-0.05706349387764931,0.496892511844635,-1.062150478363037,-0.2064700573682785,0.6151155233383179,-0.899296760559082,-0.3281961679458618,0.6817647218704224,-0.7057858109474182,-0.3892802894115448,0.1844743937253952,-0.9780622720718384,-0.09676455706357956,0.2410573810338974,-1.4131872653961182,-0.1633710265159607,0.29608091711997986,-1.694981336593628,-0.23005831241607666,0.3155979812145233,-1.9423588514328003,-0.28077608346939087,0.04078177362680435,-0.9644313454627991,-0.15904106199741364,0.016382616013288498,-1.3547334671020508,-0.22132591903209686,0.0263872928917408,-1.6220461130142212,-0.2689422369003296,0.024867495521903038,-1.8362785577774048,-0.30323222279548645,-0.09131911396980286,-0.8458587527275085,-0.23517943918704987,-0.2299303412437439,-1.0922703742980957,-0.2921906113624573,-0.31728968024253845,-1.289324402809143,-0.3088494837284088,-0.3805423378944397,-1.4703946113586426,-0.31484246253967285,0.39173033833503723,0.5120629072189331,0.9904147982597351,0.883833646774292,0.6928501129150391
F,0.0,0.0,0.0,0.27670881152153015,-0.12317948043346405,-0.07332819700241089,0.5129154324531555,-0.31356367468833923,-0.12288589775562286,0.6877902746200562,-0.43680983781814575,-0.18616512417793274,0.7594652771949768,-0.5929354429244995,-0.24378778040409088,0.33267369866371155,-0.8789212107658386,-0.05706349387764931,0.496892511844635,-1.062150478363037,-0.2064700573682785,0.6151155233383179,-0.899296760559082,-0.3281961679458618,0.6817647218704224,-0.7057858109474182,-0.3892802894115448,0.1844743937253952,-0.9780622720718384,-0.09676455706357956,0.2410573810338974,-1.4131872653961182,-0.1633710265159607,0.29608091711997986,-1.694981336593628,-0.23005831241607666,0.3155979812145233,-1.9423588514328003,-0.28077608346939087,0.04078177362680435,-0.9644313454627991,-0.15904106199741364,0.016382616013288498,-1.3547334671020508,-0.22132591903209686,0.0263872928917408,-1.6220461130142212,-0.2689422369003296,0.024867495521903038,-1.8362785577774048,-0.30323222279548645,-0.09131911396980286,-0.8458587527275085,-0.23517943918704987,-0.2299303412437439,-1.0922703742980957,-0.2921906113624573,-0.31728968024253845,-1.289324402809143,-0.3088494837284088,-0.3805423378944397,-1.4703946113586426,-0.31484246253967285,0.39173033833503723,0.5120629072189331,0.9904147982597351,0.883833646774292,0.6928501129150391
F,0.0,0.0,0.0,0.2729775011539459,-0.12372255325317383,-0.07446254789829254,0.506139874458313,-0.31605929136276245,-0.12474488466978073,0.6773761510848999,-0.4350387156009674,-0.1886967122554779,0.7588882446289062,-0.5909501910209656,-0.245658278465271,0.3306403160095215,-0.8787867426872253,-0.05864276364445686,0.4923589825630188,-1.049830675125122,-0.20862293243408203,0.6084415316581726,-0.8930856585502625,-0.3255036771297455,0.6697940826416016,-0.7024075388908386,-0.38107436895370483,0.18109484016895294,-0.9787015318870544,-0.09668519347906113,0.23660814762115479,-1.4117259979248047,-0.16433757543563843,0.2926209568977356,-1.6868031024932861,-0.221406489610672,0.3142474293708801,-1.9287222623825073,-0.2615594267845154,0.03832379728555679,-0.9661840796470642,-0.15809087455272675,0.010158075019717216,-1.3503472805023193,-0.22232545912265778,0.024611858651041985,-1.6149072647094727,-0.2606794238090515,0.027713928371667862,-1.8239964246749878,-0.2845233678817749,-0.09175263345241547,-0.8490070700645447,-0.23360583186149597,-0.23536278307437897,-1.0937753915786743,-0.2915024757385254,-0.32124561071395874,-1.2928122282028198,-0.3045082092285156,-0.3827713131904602,-1.4726794958114624,-0.3046111464500427,0.3925133943557739,0.5000970363616943,0.9733717441558838,0.8671445846557617,0.6918822526931763
F,0.0,0.0,0.0,0.2721136510372162,-0.1301339864730835,-0.07276050746440887,0.5034716129302979,-0.3187777101993561,-0.12761083245277405,0.6837550401687622,-0.43725138902664185,-0.1975380927324295,0.7559716105461121,-0.605837345123291,-0.2608424723148346,0.3303346335887909,-0.8790724277496338,-0.05777464434504509,0.49609240889549255,-1.0560243129730225,-0.20880156755447388,0.6108638644218445,-0.8951209187507629,-0.32648134231567383,0.6712312698364258,-0.7012819647789001,-0.3830970525741577,0.18134208023548126,-0.978265106678009,-0.10056068748235703,0.2382490187883377,-1.415753722190857,-0.17063601315021515,0.29278892278671265,-1.692531943321228,-0.23202632367610931,0.31695711612701416,-1.937187910079956,-0.2765350043773651,0.037537164986133575,-0.965600311756134,-0.166671484708786,0.009539770893752575,-1.360463261604309,-0.2327897995710373,0.019148433580994606,-1.6289055347442627,-0.27550873160362244,0.02023010142147541,-1.843511700630188,-0.3048307001590729,-0.09328916668891907,-0.8463843464851379,-0.24664448201656342,-0.23748931288719177,-1.0922138690948486,-0.3054909110069275,-0.3251321315765381,-1.2919247150421143,-0.32114166021347046,-0.38755708932876587,-1.4728546142578125,-0.32550930976867676,0.40485820174217224,0.5036413669586182,0.984322726726532,0.8888846039772034,0.6966191530227661
F,0.0,0.0,0.0,0.2703516185283661,-0.1276036500930786,-0.07566440105438232,0.5020621418952942,-0.31656455993652344,-0.12863297760486603,0.6766206622123718,-0.4352658987045288,-0.19463631510734558,0.7547188997268677,-0.5947384238243103,-0.2540736198425293,0.3292481601238251,-0.8779540061950684,-0.0622439906001091,0.49414584040641785,-1.049470067024231,-0.20998042821884155,0.6095394492149353,-0.8912102580070496,-0.3251415491104126,0.6715008020401001,-0.7004023194313049,-0.3802569508552551,0.18092034757137299,-0.9783609509468079,-0.10038749873638153,0.23819632828235626,-1.415940761566162,-0.16750970482826233,0.29249733686447144,-1.6926312446594238,-0.22590021789073944,0.31408289074897766,-1.9350374937057495,-0.2677641212940216,0.03782593458890915,-0.9673017263412476,-0.16133491694927216,0.009875145740807056,-1.3574168682098389,-0.22462213039398193,0.021309206262230873,-1.624934434890747,-0.2653626501560211,0.022723166272044182,-1.8374384641647339,-0.29244568943977356,-0.09279432147741318,-0.8499897718429565,-0.23616552352905273,-0.23618480563163757,-1.0980682373046875,-0.29256534576416016,-0.3223012089729309,-1.2954965829849243,-0.30610477924346924,-0.3837727904319763,-1.4743109941482544,-0.30811750888824463,0.39617106318473816,0.49979367852211,0.980294406414032,0.8800886869430542,0.6925478577613831
F,0.0,0.0,0.0,0.2703516185283661,-0.1276036500930786,-0.07566440105438232,0.5020621418952942,-0.31656455993652344,-0.12863297760486603,0.6766206622123718,-0.4352658987045288,-0.19463631510734558,0.7547188997268677,-0.5947384238243103,-0.2540736198425293,0.3292481601238251,-0.8779540061950684,-0.0622439906001091,0.49414584040641785,-1.049470067024231,-0.20998042821884155,0.6095394492149353,-0.8912102580070496,-0.3251415491104126,0.6715008020401001,-0.7004023194313049,-0.3802569508552551,0.18092034757137299,-0.9783609509468079,-0.10038749873638153,0.23819632828235626,-1.415940761566162,-0.16750970482826233,0.29249733686447144,-1.6926312446594238,-0.22590021789073944,0.31408289074897766,-1.9350374937057495,-0.2677641212940216,0.03782593458890915,-0.9673017263412476,-0.16133491694927216,0.009875145740807056,-1.3574168682098389,-0.22462213039398193,0.021309206262230873,-1.624934434890747,-0.2653626501560211,0.022723166272044182,-1.8374384641647339,-0.29244568943977356,-0.09279432147741318,-0.8499897718429565,-0.23616552352905273,-0.23618480563163757,-1.0980682373046875,-0.29256534576416016,-0.3223012089729309,-1.2954965829849243,-0.30610477924346924,-0.3837727904319763,-1.4743109941482544,-0.30811750888824463,0.39617106318473816,0.49979367852211,0.980294406414032,0.8800886869430542,0.6925478577613831
F,0.0,0.0,0.0,0.2744518220424652,-0.13028526306152344,-0.0665297731757164,0.5055199265480042,-0.3213061988353729,-0.1159924864768982,0.6762564778327942,-0.43897774815559387,-0.18108966946601868,0.7566567659378052,-0.595200777053833,-0.2392427623271942,0.33087772130966187,-0.879046618938446,-0.04730232432484627,0.49759191274642944,-1.0617883205413818,-0.19957181811332703,0.6104103326797485,-0.8971984386444092,-0.32263779640197754,0.6707146167755127,-0.7006798982620239,-0.382576048374176,0.18412064015865326,-0.9787736535072327,-0.09000968933105469,0.24360157549381256,-1.4105644226074219,-0.15674526989459991,0.3018980622291565,-1.6844230890274048,-0.22041110694408417,0.3237907588481903,-1.9228758811950684,-0.2671060860157013,0.04343042150139809,-0.9653810262680054,-0.15584737062454224,0.01736832596361637,-1.3585267066955566,-0.2167569249868393,0.02827386185526848,-1.6276648044586182,-0.2585829198360443,0.028053464367985725,-1.8403918743133545,-0.2875335216522217,-0.08349825441837311,-0.8465654850006104,-0.23533585667610168,-0.22185544669628143,-1.094285011291504,-0.2909078896045685,-0.30827492475509644,-1.2948369979858398,-0.30452820658683777,-0.3697401285171509,-1.475996732711792,-0.30681928992271423,0.3915080726146698,0.5096197128295898,0.9706698060035706,0.8849981427192688,0.6951459646224976
F,0.0,0.0,0.0,0.2744518220424652,-0.13028526306152344,-0.0665297731757164,0.5055199265480042,-0.3213061988353729,-0.1159924864768982,0.6762564778327942,-0.43897774815559387,-0.18108966946601868,0.7566567659378052,-0.595200777053833,-0.2392427623271942,0.33087772130966187,-0.879046618938446,-0.04730232432484627,0.49759191274642944,-1.0617883205413818,-0.19957181811332703,0.6104103326797485,-0.8971984386444092,-0.32263779640197754,0.6707146167755127,-0.7006798982620239,-0.382576048374176,0.18412064015865326,-0.9787736535072327,-0.09000968933105469,0.24360157549381256,-1.4105644226074219,-0.15674526989459991,0.3018980622291565,-1.6844230890274048,-0.22041110694408417,0.3237907588481903,-1.9228758811950684,-0.2671060860157013,0.04343042150139809,-0.9653810262680054,-0.15584737062454224,0.01736832596361637,-1.3585267066955566,-0.2167569249868393,0.02827386185526848,-1.6276648044586182,-0.2585829198360443,0.028053464367985725,-1.8403918743133545,-0.2875335216522217,-0.08349825441837311,-0.8465654850006104,-0.23533585667610168,-0.22185544669628143,-1.094285011291504,-0.2909078896045685,-0.30827492475509644,-1.2948369979858398,-0.30452820658683777,-0.3697401285171509,-1.475996732711792,-0.30681928992271423,0.3915080726146698,0.5096197128295898,0.9706698060035706,0.8849981427192688,0.6951459646224976
F,0.0,0.0,0.0,0.2765706181526184,-0.1342254877090454,-0.06090640276670456,0.5073633790016174,-0.32467225193977356,-0.11139549314975739,0.6803039312362671,-0.44161564111709595,-0.17974546551704407,0.7507191896438599,-0.6042108535766602,-0.2412392646074295,0.3301912546157837,-0.8783072829246521,-0.04174867644906044,0.4995794892311096,-1.0536589622497559,-0.1965848058462143,0.6160202622413635,-0.8889943957328796,-0.3194960355758667,0.677370011806488,-0.6887458562850952,-0.3774283826351166,0.18270628154277802,-0.9792419672012329,-0.08776998519897461,0.2440301775932312,-1.409591794013977,-0.15237855911254883,0.3003334701061249,-1.6868219375610352,-0.20938272774219513,0.3223804533481598,-1.9306769371032715,-0.24936647713184357,0.04309466481208801,-0.9665576815605164,-0.1573241800069809,0.017430419102311134,-1.3657886981964111,-0.2154773771762848,0.026263099163770676,-1.6366996765136719,-0.24808421730995178,0.023221885785460472,-1.8502559661865234,-0.2692323923110962,-0.08441493660211563,-0.8490930199623108,-0.2408146858215332,-0.22490467131137848,-1.0973787307739258,-0.2953028082847595,-0.3109138607978821,-1.3008077144622803,-0.3043162226676941,-0.371446818113327,-1.4826995134353638,-0.3012515604496002,0.3927127420902252,0.5187942385673523,0.9751157760620117,0.8909775614738464,0.6982099413871765
F,0.0,0.0,0.0,0.2765706181526184,-0.1342254877090454,-0.06090640276670456,0.5073633790016174,-0.32467225193977356,-0.11139549314975739,0.6803039312362671,-0.44161564111709595,-0.17974546551704407,0.7507191896438599,-0.6042108535766602,-0.2412392646074295,0.3301912546157837,-0.8783072829246521,-0.04174867644906044,0.4995794892311096,-1.0536589622497559,-0.1965848058462143,0.6160202622413635,-0.8889943957328796,-0.3194960355758667,0.677370011806488,-0.6887458562850952,-0.3774283826351166,0.18270628154277802,-0.9792419672012329,-0.08776998519897461,0.2440301775932312,-1.409591794013977,-0.15237855911254883,0.3003334701061249,-1.6868219375610352,-0.20938272774219513,0.3223804533481598,-1.9306769371032715,-0.24936647713184357,0.04309466481208801,-0.9665576815605164,-0.1573241800069809,0.017430419102311134,-1.3657886981964111,-0.2154773771762848,0.026263099163770676,-1.6366996765136719,-0.24808421730995178,0.023221885785460472,-1.8502559661865234,-0.2692323923110962,-0.08441493660211563,-0.8490930199623108,-0.2408146858215332,-0.22490467131137848,-1.0973787307739258,-0.2953028082847595,-0.3109138607978821,-1.3008077144622803,-0.3043162226676941,-0.371446818113327,-1.4826995134353638,-0.3012515604496002,0.3927127420902252,0.5187942385673523,0.9751157760620117,0.8909775614738464,0.6982099413871765
F,0.0,0.0,0.0,0.27509745955467224,-0.13461822271347046,-0.0627218559384346,0.5065090656280518,-0.3237849175930023,-0.11326109617948532,0.6757898330688477,-0.44117262959480286,-0.18132983148097992,0.755591094493866,-0.5966347455978394,-0.24276357889175415,0.3308965861797333,-0.87971431016922,-0.04330138489603996,0.5012567043304443,-1.0580044984817505,-0.197414830327034,0.6152223944664001,-0.8966259360313416,-0.32032540440559387,0.6747479438781738,-0.6990213990211487,-0.3790477216243744,0.1834934651851654,-0.9790205955505371,-0.08859386295080185,0.24254296720027924,-1.4097247123718262,-0.15421409904956818,0.297248512506485,-1.6848427057266235,-0.21398313343524933,0.3176700472831726,-1.9241645336151123,-0.25691109895706177,0.042498018592596054,-0.9643744230270386,-0.15734966099262238,0.01454633567482233,-1.3590854406356812,-0.2170126736164093,0.02430860884487629,-1.6303709745407104,-0.2546211779117584,0.023170629516243935,-1.8435829877853394,-0.2800133228302002,-0.08575409650802612,-0.8453435301780701,-0.23982475697994232,-0.22913093864917755,-1.0951714515686035,-0.2953470051288605,-0.31573882699012756,-1.2973577976226807,-0.30714380741119385,-0.3773286044597626,-1.4780195951461792,-0.3069915175437927,0.3914840817451477,0.5134289264678955,0.9693456888198853,0.8879344463348389,0.699861466884613
F,0.0,0.0,0.0,0.2760079801082611,-0.1353302001953125,-0.06185881793498993,0.5050482153892517,-0.3277827501296997,-0.11127868294715881,0.6730676889419556,-0.445712149143219,-0.17828622460365295,0.7554363012313843,-0.5947574377059937,-0.23894783854484558,0.32824787497520447,-0.8805121779441833,-0.0437326654791832,0.49763622879981995,-1.0557509660720825,-0.19476941227912903,0.613196849822998,-0.8939067125320435,-0.31587767601013184,0.6762862205505371,-0.6987168788909912,-0.3750508725643158,0.18229633569717407,-0.9791213870048523,-0.08994077146053314,0.24104495346546173,-1.4087393283843994,-0.15559740364551544,0.29731008410453796,-1.6848105192184448,-0.21691590547561646,0.3200021982192993,-1.9248591661453247,-0.2621960937976837,0.041891951113939285,-0.9642191529273987,-0.15902899205684662,0.013099029660224915,-1.3648927211761475,-0.21884383261203766,0.02225993014872074,-1.635661244392395,-0.2587603032588959,0.02176053635776043,-1.848923683166504,-0.2869018614292145,-0.08645457774400711,-0.8435600996017456,-0.24164216220378876,-0.23169411718845367,-1.0974329710006714,-0.29759103059768677,-0.317380428314209,-1.3023558855056763,-0.3114090859889984,-0.3777543008327484,-1.4852099418640137,-0.31390875577926636,0.38764557242393494,0.5137625932693481,0.9711101055145264,0.8941245675086975,0.7083731293678284
F,0.0,0.0,0.0,0.273373007774353,-0.12603779137134552,-0.07535769045352936,0.5053313970565796,-0.31581130623817444,-0.13278619945049286,0.6766255497932434,-0.43633970618247986,-0.20577844977378845,0.7565993070602417,-0.5867795944213867,-0.27276524901390076,0.3287363052368164,-0.8740155696868896,-0.057298123836517334,0.49621492624282837,-1.051590085029602,-0.2114104926586151,0.6116908192634583,-0.8928849697113037,-0.333369642496109,0.6727012395858765,-0.6965265274047852,-0.39239948987960815,0.18269774317741394,-0.9782402515411377,-0.09832383692264557,0.2442774474620819,-1.4068442583084106,-0.16640223562717438,0.3009348511695862,-1.6834746599197388,-0.22743435204029083,0.3251695930957794,-1.9233497381210327,-0.271922767162323,0.04183454439043999,-0.9675400257110596,-0.16322211921215057,0.017710907384753227,-1.3665882349014282,-0.22657746076583862,0.026363685727119446,-1.6342605352401733,-0.26724326610565186,0.023045280948281288,-1.8439253568649292,-0.2951536178588867,-0.08855871111154556,-0.8494674563407898,-0.24266856908798218,-0.22823521494865417,-1.1003711223602295,-0.3022511303424835,-0.31328752636909485,-1.3030948638916016,-0.31810465455055237,-0.3761953115463257,-1.4846348762512207,-0.3217363655567169,0.3951626121997833,0.5119640231132507,0.9714251756668091,0.8864592909812927,0.701729416847229
F,0.0,0.0,0.0,0.273373007774353,-0.12603779137134552,-0.07535769045352936,0.5053313970565796,-0.31581130623817444,-0.13278619945049286,0.6766255497932434,-0.43633970618247986,-0.20577844977378845,0.7565993070602417,-0.5867795944213867,-0.27276524901390076,0.3287363052368164,-0.8740155696868896,-0.057298123836517334,0.49621492624282837,-1.051590085029602,-0.2114104926586151,0.6116908192634583,-0.8928849697113037,-0.333369642496109,0.6727012395858765,-0.6965265274047852,-0.39239948987960815,0.18269774317741394,-0.9782402515411377,-0.09832383692264557,0.2442774474620819,-1.4068442583084106,-0.16640223562717438,0.3009348511695862,-1.6834746599197388,-0.22743435204029083,0.3251695930957794,-1.9233497381210327,-0.271922767162323,0.04183454439043999,-0.9675400257110596,-0.16322211921215057,0.017710907384753227,-1.3665882349014282,-0.22657746076583862,0.026363685727119446,-1.6342605352401733,-0.26724326610565186,0.023045280948281288,-1.8439253568649292,-0.2951536178588867,-0.08855871111154556,-0.8494674563407898,-0.24266856908798218,-0.22823521494865417,-1.1003711223602295,-0.3022511303424835,-0.31328752636909485,-1.3030948638916016,-0.31810465455055237,-0.3761953115463257,-1.4846348762512207,-0.3217363655567169,0.3951626121997833,0.5119640231132507,0.9714251756668091,0.8864592909812927,0.701729416847229
F,0.0,0.0,0.0,0.2800265848636627,-0.1294340342283249,-0.07705999165773392,0.5003514289855957,-0.3165123164653778,-0.1403489112854004,0.6672723293304443,-0.4345504641532898,-0.22129563987255096,0.7558075189590454,-0.5921226143836975,-0.2959458827972412,0.3260020613670349,-0.8750767111778259,-0.058773111552000046,0.4972982406616211,-1.0510084629058838,-0.22162647545337677,0.6183111667633057,-0.8908112645149231,-0.34820306301116943,0.6833237409591675,-0.6908196210861206,-0.40871044993400574,0.1799415498971939,-0.9783539772033691,-0.10219842195510864,0.24237684905529022,-1.4062784910202026,-0.17700694501399994,0.2967526614665985,-1.6854054927825928,-0.23889341950416565,0.32319045066833496,-1.9302548170089722,-0.2820747494697571,0.03974307328462601,-0.9638309478759766,-0.17063091695308685,0.015125429257750511,-1.359602689743042,-0.2395271360874176,0.02410150319337845,-1.6289880275726318,-0.2787262797355652,0.024797597900032997,-1.842316746711731,-0.30344048142433167,-0.09095948934555054,-0.8423421382904053,-0.2539321780204773,-0.2320832759141922,-1.0935027599334717,-0.31600847840309143,-0.3156100809574127,-1.298812747001648,-0.33029037714004517,-0.3787980377674103,-1.4793035984039307,-0.3311398923397064,0.40672996640205383,0.5329967737197876,0.9792808294296265,0.888593852519989,0.7032296657562256
F,0.0,0.0,0.0,0.2800265848636627,-0.1294340342283249,-0.07705999165773392,0.5003514289855957,-0.3165123164653778,-0.1403489112854004,0.6672723293304443,-0.4345504641532898,-0.22129563987255096,0.7558075189590454,-0.5921226143836975,-0.2959458827972412,0.3260020613670349,-0.8750767111778259,-0.058773111552000046,0.4972982406616211,-1.0510084629058838,-0.22162647545337677,0.6183111667633057,-0.8908112645149231,-0.34820306301116943,0.6833237409591675,-0.6908196210861206,-0.40871044993400574,0.1799415498971939,-0.9783539772033691,-0.10219842195510864,0.24237684905529022,-1.4062784910202026,-0.17700694501399994,0.2967526614665985,-1.6854054927825928,-0.23889341950416565,0.32319045066833496,-1.9302548170089722,-0.2820747494697571,0.03974307328462601,-0.9638309478759766,-0.17063091695308685,0.015125429257750511,-1.359602689743042,-0.2395271360874176,0.02410150319337845,-1.6289880275726318,-0.2787262797355652,0.024797597900032997,-1.842316746711731,-0.30344048142433167,-0.09095948934555054,-0.8423421382904053,-0.2539321780204773,-0.2320832759141922,-1.0935027599334717,-0.31600847840309143,-0.3156100809574127,-1.298812747001648,-0.33029037714004517,-0.3787980377674103,-1.4793035984039307,-0.3311398923397064,0.40672996640205383,0.5329967737197876,0.9792808294296265,0.888593852519989,0.7032296657562256
F,0.0,0.0,0.0,0.27132391929626465,-0.12979000806808472,-0.0694689154624939,0.499863862991333,-0.32427459955215454,-0.12323717027902603,0.6734744906425476,-0.443874716758728,-0.19369395077228546,0.7443157434463501,-0.6052483916282654,-0.2581023871898651,0.3190730810165405,-0.8744542598724365,-0.05318046733736992,0.4916445314884186,-1.0490111112594604,-0.20502498745918274,0.6089159846305847,-0.892507791519165,-0.32358086109161377,0.671860933303833,-0.6976280212402344,-0.379878968000412,0.17744025588035583,-0.9793868064880371,-0.09652189910411835,0.2379124015569687,-1.4040675163269043,-0.16025349497795105,0.29278314113616943,-1.6792315244674683,-0.21527396142482758,0.31685003638267517,-1.9147279262542725,-0.2548276484012604,0.040150485932826996,-0.9675559997558594,-0.1635858565568924,0.012859397567808628,-1.3640726804733276,-0.22302770614624023,0.0189268309623003,-1.6299370527267456,-0.25781190395355225,0.014873102307319641,-1.8377281427383423,-0.2813256084918976,-0.08720479905605316,-0.8493881821632385,-0.24515944719314575,-0.2301965355873108,-1.0991507768630981,-0.303665429353714,-0.31627750396728516,-1.3023158311843872,-0.317945659160614,-0.3800314664840698,-1.481819987297058,-0.31934332847595215,0.39609548449516296,0.5123072266578674,0.9588320255279541,0.8784652352333069,0.7008713483810425
F,0.0,0.0,0.0,0.2720962166786194,-0.1305243819952011,-0.06963227689266205,0.5030941367149353,-0.3187914490699768,-0.12444982677698135,0.6792421340942383,-0.4365261495113373,-0.1952870488166809,0.7493513226509094,-0.601740300655365,-0.2599102258682251,0.3278975188732147,-0.8781190514564514,-0.05810709297657013,0.49967288970947266,-1.0538159608840942,-0.21248161792755127,0.6154424548149109,-0.8931654095649719,-0.33485841751098633,0.6795536279678345,-0.6986035108566284,-0.3950459957122803,0.18199336528778076,-0.9779346585273743,-0.1025780513882637,0.24077706038951874,-1.4123276472091675,-0.17242535948753357,0.2953580915927887,-1.6898809671401978,-0.23600393533706665,0.31949734687805176,-1.9289780855178833,-0.2831340730190277,0.041157376021146774,-0.9631690382957458,-0.16992349922657013,0.011875984258949757,-1.3666216135025024,-0.23351174592971802,0.01734309084713459,-1.6370232105255127,-0.2758793830871582,0.01564032770693302,-1.8495850563049316,-0.30617448687553406,-0.08770702034235,-0.8430096507072449,-0.2512640357017517,-0.23373116552829742,-1.095458745956421,-0.30973342061042786,-0.32114413380622864,-1.2991745471954346,-0.3261793851852417,-0.3828907012939453,-1.4811216592788696,-0.33123236894607544,0.3988134562969208,0.5190526843070984,0.9777480959892273,0.8971894383430481,0.7076123356819153
F,0.0,0.0,0.0,0.2762579917907715,-0.12907905876636505,-0.06885392963886261,0.5100136399269104,-0.3195125162601471,-0.12062594294548035,0.685131311416626,-0.4431057274341583,-0.1883554309606552,0.7587149143218994,-0.600368320941925,-0.2505899965763092,0.3318420946598053,-0.8763231039047241,-0.05014469474554062,0.49812331795692444,-1.0579193830490112,-0.20009616017341614,0.6107568144798279,-0.8976755142211914,-0.32121625542640686,0.6732797622680664,-0.704561173915863,-0.38144350051879883,0.18595945835113525,-0.9780054688453674,-0.09446902573108673,0.24530529975891113,-1.4116886854171753,-0.16007749736309052,0.3031480312347412,-1.6874529123306274,-0.22422853112220764,0.32808271050453186,-1.926400065422058,-0.27284836769104004,0.04397713765501976,-0.9655910730361938,-0.16190169751644135,0.018710626289248466,-1.3622252941131592,-0.22441522777080536,0.029573775827884674,-1.632307529449463,-0.27022236585617065,0.02999756671488285,-1.8460333347320557,-0.30361732840538025,-0.084881991147995,-0.8466100096702576,-0.24302750825881958,-0.2255159169435501,-1.0978697538375854,-0.30264055728912354,-0.3137813210487366,-1.2986907958984375,-0.32052814960479736,-0.3775494396686554,-1.4806164503097534,-0.3272784948348999,0.39701759815216064,0.5058070421218872,0.9754335284233093,0.8918842077255249,0.7033609747886658
F,0.0,0.0,0.0,0.2762579917907715,-0.12907905876636505,-0.06885392963886261,0.5100136399269104,-0.3195125162601471,-0.12062594294548035,0.685131311416626,-0.4431057274341583,-0.1883554309606552,0.7587149143218994,-0.600368320941925,-0.2505899965763092,0.3318420946598053,-0.8763231039047241,-0.05014469474554062,0.49812331795692444,-1.0579193830490112,-0.20009616017341614,0.6107568144798279,-0.8976755142211914,-0.32121625542640686,0.6732797622680664,-0.704561173915863,-0.38144350051879883,0.18595945835113525,-0.9780054688453674,-0.09446902573108673,0.24530529975891113,-1.4116886854171753,-0.16007749736309052,0.3031480312347412,-1.6874529123306274,-0.22422853112220764,0.32808271050453186,-1.926400065422058,-0.27284836769104004,0.04397713765501976,-0.9655910730361938,-0.16190169751644135,0.018710626289248466,-1.3622252941131592,-0.22441522777080536,0.029573775827884674,-1.632307529449463,-0.27022236585617065,0.02999756671488285,-1.8460333347320557,-0.30361732840538025,-0.084881991147995,-0.8466100096702576,-0.24302750825881958,-0.2255159169435501,-1.0978697538375854,-0.30264055728912354,-0.3137813210487366,-1.2986907958984375,-0.32052814960479736,-0.3775494396686554,-1.4806164503097534,-0.3272784948348999,0.39701759815216064,0.5058070421218872,0.9754335284233093,0.8918842077255249,0.7033609747886658
F,0.0,0.0,0.0,0.27483299374580383,-0.13073228299617767,-0.06538961082696915,0.5082764029502869,-0.3217915892601013,-0.11449865996837616,0.6827717423439026,-0.4412763714790344,-0.1793508529663086,0.7576825618743896,-0.5977978110313416,-0.23833145201206207,0.3306531012058258,-0.878267765045166,-0.05224437639117241,0.49641096591949463,-1.061467170715332,-0.20192807912826538,0.6103574633598328,-0.9026010036468506,-0.3227967917919159,0.6756621599197388,-0.7110021114349365,-0.3832540214061737,0.18389858305454254,-0.978142499923706,-0.09704908728599548,0.24248431622982025,-1.4149999618530273,-0.1641577035188675,0.30082234740257263,-1.6910494565963745,-0.22909985482692719,0.32540586590766907,-1.9286861419677734,-0.2782813310623169,0.04272068664431572,-0.9651774168014526,-0.16399426758289337,0.013953933492302895,-1.3647006750106812,-0.22532011568546295,0.02317611314356327,-1.6372621059417725,-0.269891619682312,0.023843472823500633,-1.8520621061325073,-0.30274686217308044,-0.08518306910991669,-0.8462178111076355,-0.24437715113162994,-0.22995322942733765,-1.0988428592681885,-0.3006293475627899,-0.31815966963768005,-1.3000041246414185,-0.31646013259887695,-0.37998902797698975,-1.4812767505645752,-0.32212796807289124,0.39206817746162415,0.5065337419509888,0.9779583811759949,0.8978714346885681,0.7044540643692017
F,0.0,0.0,0.0,0.27483299374580383,-0.13073228299617767,-0.06538961082696915,0.5082764029502869,-0.3217915892601013,-0.11449865996837616,0.6827717423439026,-0.4412763714790344,-0.1793508529663086,0.7576825618743896,-0.5977978110313416,-0.23833145201206207,0.3306531012058258,-0.878267765045166,-0.05224437639117241,0.49641096591949463,-1.061467170715332,-0.20192807912826538,0.6103574633598328,-0.9026010036468506,-0.3227967917919159,0.6756621599197388,-0.7110021114349365,-0.3832540214061737,0.18389858305454254,-0.978142499923706,-0.09704908728599548,0.24248431622982025,-1.4149999618530273,-0.1641577035188675,0.30082234740257263,-1.6910494565963745,-0.22909985482692719,0.32540586590766907,-1.9286861419677734,-0.2782813310623169,0.04272068664431572,-0.9651774168014526,-0.16399426758289337,0.013953933492302895,-1.3647006750106812,-0.22532011568546295,0.02317611314356327,-1.6372621059417725,-0.269891619682312,0.023843472823500633,-1.8520621061325073,-0.30274686217308044,-0.08518306910991669,-0.8462178111076355,-0.24437715113162994,-0.22995322942733765,-1.0988428592681885,-0.3006293475627899,-0.31815966963768005,-1.3000041246414185,-0.31646013259887695,-0.37998902797698975,-1.4812767505645752,-0.32212796807289124,0.39206817746162415,0.5065337419509888,0.9779583811759949,0.8978714346885681,0.7044540643692017
F,0.0,0.0,0.0,0.2738748788833618,-0.13109669089317322,-0.06922576576471329,0.5043606758117676,-0.3207933008670807,-0.12175088375806808,0.6787418127059937,-0.4380587935447693,-0.18990491330623627,0.7548255920410156,-0.5942292213439941,-0.25180312991142273,0.32857125997543335,-0.8790895342826843,-0.05418623238801956,0.4963124692440033,-1.0604567527770996,-0.20467504858970642,0.6108003854751587,-0.90049809217453,-0.3252773582935333,0.6746763586997986,-0.7072744965553284,-0.3853435814380646,0.18253745138645172,-0.9783039093017578,-0.09798739105463028,0.24182336032390594,-1.4106320142745972,-0.16714029014110565,0.2982371151447296,-1.6857739686965942,-0.23222306370735168,0.32202357053756714,-1.923394799232483,-0.28091564774513245,0.040991246700286865,-0.9652853608131409,-0.16444070637226105,0.013246454298496246,-1.362959384918213,-0.22801029682159424,0.022428132593631744,-1.6340373754501343,-0.2719852030277252,0.022925695404410362,-1.8470866680145264,-0.30365750193595886,-0.08779549598693848,-0.8466203808784485,-0.24460740387439728,-0.23222054541110992,-1.0977909564971924,-0.30238741636276245,-0.3189569413661957,-1.3002166748046875,-0.31853020191192627,-0.38060808181762695,-1.4819097518920898,-0.3239392936229706,0.3929547667503357,0.508895218372345,0.972684919834137,0.8929060101509094,0.7040066123008728
F,0.0,0.0,0.0,0.2738748788833618,-0.13109669089317322,-0.06922576576471329,0.5043606758117676,-0.3207933008670807,-0.12175088375806808,0.6787418127059937,-0.4380587935447693,-0.18990491330623627,0.7548255920410156,-0.5942292213439941,-0.25180312991142273,0.32857125997543335,-0.8790895342826843,-0.05418623238801956,0.4963124692440033,-1.0604567527770996,-0.20467504858970642,0.6108003854751587,-0.90049809217453,-0.3252773582935333,0.6746763586997986,-0.7072744965553284,-0.3853435814380646,0.18253745138645172,-0.9783039093017578,-0.09798739105463028,0.24182336032390594,-1.4106320142745972,-0.16714029014110565,0.2982371151447296,-1.6857739686965942,-0.23222306370735168,0.32202357053756714,-1.923394799232483,-0.28091564774513245,0.040991246700286865,-0.9652853608131409,-0.16444070637226105,0.013246454298496246,-1.362959384918213,-0.22801029682159424,0.022428132593631744,-1.6340373754501343,-0.2719852030277252,0.022925695404410362,-1.8470866680145264,-0.30365750193595886,-0.08779549598693848,-0.8466203808784485,-0.24460740387439728,-0.23222054541110992,-1.0977909564971924,-0.30238741636276245,-0.3189569413661957,-1.3002166748046875,-0.31853020191192627,-0.38060808181762695,-1.4819097518920898,-0.3239392936229706,0.3929547667503357,0.508895218372345,0.972684919834137,0.8929060101509094,0.7040066123008728
F,0.0,0.0,0.0,0.2757797837257385,-0.13196007907390594,-0.06813881546258926,0.5058938264846802,-0.31905120611190796,-0.12193462997674942,0.6817797422409058,-0.43547213077545166,-0.19227933883666992,0.7547913789749146,-0.5935474038124084,-0.2559615969657898,0.3296455144882202,-0.8783215880393982,-0.04937610402703285,0.5016167163848877,-1.0519979000091553,-0.20100834965705872,0.6152324080467224,-0.8924146890640259,-0.32110396027565,0.6761321425437927,-0.6969254612922668,-0.3792107403278351,0.18470892310142517,-0.9784045219421387,-0.09277522563934326,0.24600595235824585,-1.4064453840255737,-0.16024939715862274,0.30239543318748474,-1.682000994682312,-0.22101840376853943,0.32765018939971924,-1.9213873147964478,-0.26513925194740295,0.045571982860565186,-0.9649288058280945,-0.15948428213596344,0.016955457627773285,-1.364022135734558,-0.22160889208316803,0.0241225715726614,-1.6332672834396362,-0.2610163390636444,0.02233065292239189,-1.8445634841918945,-0.2880801260471344,-0.08170413970947266,-0.8469401001930237,-0.2402239292860031,-0.22653162479400635,-1.095898985862732,-0.29759007692337036,-0.31272822618484497,-1.2990977764129639,-0.3124214708805084,-0.3736838400363922,-1.4803338050842285,-0.31533539295196533,0.39403218030929565,0.5116135478019714,0.9692049026489258,0.889288604259491,0.7014852166175842
F,0.0,0.0,0.0,0.27631887793540955,-0.13444587588310242,-0.0678182914853096,0.5064341425895691,-0.32556283473968506,-0.12547513842582703,0.6812466979026794,-0.44171926379203796,-0.2021593153476715,0.7521679401397705,-0.6044936776161194,-0.2716390788555145,0.3283924162387848,-0.8778642416000366,-0.04535646364092827,0.4997137486934662,-1.055193305015564,-0.20594356954097748,0.6183757781982422,-0.8970492482185364,-0.3300911486148834,0.6810888051986694,-0.6954572796821594,-0.3869607448577881,0.18084058165550232,-0.9794365763664246,-0.089446522295475,0.24153311550617218,-1.4094151258468628,-0.15475031733512878,0.2967160940170288,-1.6888444423675537,-0.2051279991865158,0.3234674036502838,-1.933953881263733,-0.23871654272079468,0.042423903942108154,-0.9646048545837402,-0.15895238518714905,0.01207445003092289,-1.3634361028671265,-0.21607820689678192,0.017919491976499557,-1.6345107555389404,-0.24066683650016785,0.014023452997207642,-1.845436453819275,-0.254951536655426,-0.08518777042627335,-0.8457261919975281,-0.24412210285663605,-0.2317068874835968,-1.0929934978485107,-0.29797282814979553,-0.31795060634613037,-1.2990914583206177,-0.30445098876953125,-0.37918490171432495,-1.4791022539138794,-0.29816606640815735,0.39943885803222656,0.5237943530082703,0.9765896201133728,0.8865025043487549,0.7003715634346008
F,0.0,0.0,0.0,0.2766930162906647,-0.1348203867673874,-0.06850329041481018,0.5041028261184692,-0.3218194544315338,-0.12718479335308075,0.6740168333053589,-0.43486854434013367,-0.20460321009159088,0.753876268863678,-0.5923997163772583,-0.2744962275028229,0.32495689392089844,-0.880189061164856,-0.04589109867811203,0.4918791353702545,-1.046349287033081,-0.2063310593366623,0.6123630404472351,-0.8973910808563232,-0.3279680907726288,0.6757128834724426,-0.6986618041992188,-0.3820965588092804,0.17611555755138397,-0.9803257584571838,-0.08913329243659973,0.2348473072052002,-1.4076039791107178,-0.15520597994327545,0.28971564769744873,-1.684188723564148,-0.20064787566661835,0.3160175085067749,-1.9273227453231812,-0.22851179540157318,0.038981448858976364,-0.9665431380271912,-0.1581563651561737,0.005300640594214201,-1.3579741716384888,-0.2177829146385193,0.014848857186734676,-1.6239452362060547,-0.2378567010164261,0.013965727761387825,-1.8304251432418823,-0.2463603913784027,-0.08578680455684662,-0.8500703573226929,-0.24282804131507874,-0.23800967633724213,-1.0920748710632324,-0.29851365089416504,-0.3244679272174835,-1.2949210405349731,-0.3028104305267334,-0.38443517684936523,-1.4725341796875,-0.29287028312683105,0.3966120183467865,0.5186675190925598,0.9673686623573303,0.8687335252761841,0.6922111511230469
F,0.0,0.0,0.0,0.2766930162906647,-0.1348203867673874,-0.06850329041481018,0.5041028261184692,-0.3218194544315338,-0.12718479335308075,0.6740168333053589,-0.43486854434013367,-0.20460321009159088,0.753876268863678,-0.5923997163772583,-0.2744962275028229,0.32495689392089844,-0.880189061164856,-0.04589109867811203,0.4918791353702545,-1.046349287033081,-0.2063310593366623,0.6123630404472351,-0.8973910808563232,-0.3279680907726288,0.6757128834724426,-0.6986618041992188,-0.3820965588092804,0.17611555755138397,-0.9803257584571838,-0.08913329243659973,0.2348473072052002,-1.4076039791107178,-0.15520597994327545,0.28971564769744873,-1.684188723564148,-0.20064787566661835,0.3160175085067749,-1.9273227453231812,-0.22851179540157318,0.038981448858976364,-0.9665431380271912,-0.1581563651561737,0.005300640594214201,-1.3579741716384888,-0.2177829146385193,0.014848857186734676,-1.6239452362060547,-0.2378567010164261,0.013965727761387825,-1.8304251432418823,-0.2463603913784027,-0.08578680455684662,-0.8500703573226929,-0.24282804131507874,-0.23800967633724213,-1.0920748710632324,-0.29851365089416504,-0.3244679272174835,-1.2949210405349731,-0.3028104305267334,-0.38443517684936523,-1.4725341796875,-0.29287028312683105,0.3966120183467865,0.5186675190925598,0.9673686623573303,0.8687335252761841,0.6922111511230469
F,0.0,0.0,0.0,0.27721574902534485,-0.1324024796485901,-0.07289421558380127,0.5044137835502625,-0.3166557848453522,-0.1356854885816574,0.6759909987449646,-0.4319537878036499,-0.21570728719234467,0.7585814595222473,-0.5903001427650452,-0.28893882036209106,0.32881903648376465,-0.8777121901512146,-0.05933714285492897,0.49581995606422424,-1.0416444540023804,-0.22219988703727722,0.615007758140564,-0.8890581130981445,-0.3461228907108307,0.6766270995140076,-0.6915704011917114,-0.4031839072704315,0.17854541540145874,-0.9785017967224121,-0.1032266840338707,0.2382124811410904,-1.4089710712432861,-0.17558014392852783,0.29004916548728943,-1.6891467571258545,-0.22811613976955414,0.3120037019252777,-1.9368658065795898,-0.26261240243911743,0.038032084703445435,-0.9667715430259705,-0.17208535969257355,0.007426924537867308,-1.3636996746063232,-0.23783636093139648,0.01771419681608677,-1.6338557004928589,-0.2658142149448395,0.016858352348208427,-1.8454868793487549,-0.28148722648620605,-0.09108325093984604,-0.852081298828125,-0.25606247782707214,-0.2415122389793396,-1.0974838733673096,-0.3155621886253357,-0.3291015923023224,-1.3000104427337646,-0.3236420154571533,-0.39033403992652893,-1.4795020818710327,-0.31845179200172424,0.40369418263435364,0.5233066082000732,0.9806510210037231,0.8857526183128357,0.6979257464408875
F,0.0,0.0,0.0,0.2755049169063568,-0.13230590522289276,-0.07328620553016663,0.5030487775802612,-0.3221207857131958,-0.132790207862854,0.6746259927749634,-0.43733739852905273,-0.20860548317432404,0.7539547681808472,-0.594292402267456,-0.27699556946754456,0.32823529839515686,-0.8772881627082825,-0.056717388331890106,0.495973140001297,-1.04227614402771,-0.21727301180362701,0.6134049296379089,-0.8950908780097961,-0.3389410376548767,0.6723484396934509,-0.6977173089981079,-0.39401009678840637,0.17664361000061035,-0.9794701933860779,-0.0971347913146019,0.23546801507472992,-1.4087852239608765,-0.1672777384519577,0.28698980808258057,-1.6857426166534424,-0.21725761890411377,0.3100314736366272,-1.9284367561340332,-0.24902470409870148,0.036380887031555176,-0.9689273238182068,-0.16249845921993256,0.005226289387792349,-1.3634287118911743,-0.22592367231845856,0.01509911846369505,-1.630895972251892,-0.25139907002449036,0.016329960897564888,-1.838492512702942,-0.2643760144710541,-0.09192421287298203,-0.8548943996429443,-0.24306917190551758,-0.24276107549667358,-1.0984920263290405,-0.3000653088092804,-0.3307377099990845,-1.2995091676712036,-0.30670541524887085,-0.39114028215408325,-1.4771207571029663,-0.2997395992279053,0.3972737193107605,0.5142236351966858,0.9702578186988831,0.8757423758506775,0.6927534937858582
F,0.0,0.0,0.0,0.2755049169063568,-0.13230590522289276,-0.07328620553016663,0.5030487775802612,-0.3221207857131958,-0.132790207862854,0.6746259927749634,-0.43733739852905273,-0.20860548317432404,0.7539547681808472,-0.594292402267456,-0.27699556946754456,0.32823529839515686,-0.8772881627082825,-0.056717388331890106,0.495973140001297,-1.04227614402771,-0.21727301180362701,0.6134049296379089,-0.8950908780097961,-0.3389410376548767,0.6723484396934509,-0.6977173089981079,-0.39401009678840637,0.17664361000061035,-0.9794701933860779,-0.0971347913146019,0.23546801507472992,-1.4087852239608765,-0.1672777384519577,0.28698980808258057,-1.6857426166534424,-0.21725761890411377,0.3100314736366272,-1.9284367561340332,-0.24902470409870148,0.036380887031555176,-0.9689273238182068,-0.16249845921993256,0.005226289387792349,-1.3634287118911743,-0.22592367231845856,0.01509911846369505,-1.630895972251892,-0.25139907002449036,0.016329960897564888,-1.838492512702942,-0.2643760144710541,-0.09192421287298203,-0.8548943996429443,-0.24306917190551758,-0.24276107549667358,-1.0984920263290405,-0.3000653088092804,-0.3307377099990845,-1.2995091676712036,-0.30670541524887085,-0.39114028215408325,-1.4771207571029663,-0.2997395992279053,0.3972737193107605,0.5142236351966858,0.9702578186988831,0.8757423758506775,0.6927534937858582
F,0.0,0.0,0.0,0.27339044213294983,-0.12967240810394287,-0.0716039165854454,0.4987237751483917,-0.3207547664642334,-0.1315322369337082,0.670547366142273,-0.43825048208236694,-0.2089555263519287,0.7405270338058472,-0.6030997633934021,-0.2798973619937897,0.32056090235710144,-0.878021776676178,-0.055722735822200775,0.4910140931606293,-1.0531193017959595,-0.21816812455654144,0.6120242476463318,-0.9022350311279297,-0.34462010860443115,0.6752437949180603,-0.7032855153083801,-0.4041399657726288,0.17126989364624023,-0.9801079034805298,-0.10027506202459335,0.230399489402771,-1.411651611328125,-0.17178691923618317,0.28234609961509705,-1.6916412115097046,-0.22953277826309204,0.3061354160308838,-1.9343876838684082,-0.26933518052101135,0.031182395294308662,-0.9662500619888306,-0.16967712342739105,0.0010128358844667673,-1.3677414655685425,-0.23460091650485992,0.007740430999547243,-1.6402982473373413,-0.26990675926208496,0.006069893483072519,-1.8536701202392578,-0.2923409044742584,-0.09795085340738297,-0.8468051552772522,-0.25385111570358276,-0.2443254441022873,-1.094563603401184,-0.3133012652397156,-0.33271390199661255,-1.2991260290145874,-0.32609978318214417,-0.39579591155052185,-1.480582594871521,-0.3259342312812805,0.40024954080581665,0.5269983410835266,0.9784783124923706,0.8962094187736511,0.7039754390716553
F,0.0,0.0,0.0,0.27339044213294983,-0.12967240810394287,-0.0716039165854454,0.4987237751483917,-0.3207547664642334,-0.1315322369337082,0.670547366142273,-0.43825048208236694,-0.2089555263519287,0.7405270338058472,-0.6030997633934021,-0.2798973619937897,0.32056090235710144,-0.878021776676178,-0.055722735822200775,0.4910140931606293,-1.0531193017959595,-0.21816812455654144,0.6120242476463318,-0.9022350311279297,-0.34462010860443115,0.6752437949180603,-0.7032855153083801,-0.4041399657726288,0.17126989364624023,-0.9801079034805298,-0.10027506202459335,0.230399489402771,-1.411651611328125,-0.17178691923618317,0.28234609961509705,-1.6916412115097046,-0.22953277826309204,0.3061354160308838,-1.9343876838684082,-0.26933518052101135,0.031182395294308662,-0.9662500619888306,-0.16967712342739105,0.0010128358844667673,-1.3677414655685425,-0.23460091650485992,0.007740430999547243,-1.6402982473373413,-0.26990675926208496,0.006069893483072519,-1.8536701202392578,-0.2923409044742584,-0.09795085340738297,-0.8468051552772522,-0.25385111570358276,-0.2443254441022873,-1.094563603401184,-0.3133012652397156,-0.33271390199661255,-1.2991260290145874,-0.32609978318214417,-0.39579591155052185,-1.480582594871521,-0.3259342312812805,0.40024954080581665,0.5269983410835266,0.9784783124923706,0.8962094187736511,0.7039754390716553
F,0.0,0.0,0.0,0.27318114042282104,-0.13289885222911835,-0.07245273143053055,0.5034823417663574,-0.31865066289901733,-0.12981051206588745,0.6791737079620361,-0.4361630082130432,-0.20339061319828033,0.7533265352249146,-0.5960397124290466,-0.2712259590625763,0.3288872539997101,-0.8807761669158936,-0.05023426562547684,0.49558383226394653,-1.0522438287734985,-0.20144285261631012,0.611052393913269,-0.8922825455665588,-0.3228304982185364,0.6710730195045471,-0.6976462602615356,-0.38180527091026306,0.18225346505641937,-0.9788426756858826,-0.09300927072763443,0.23834991455078125,-1.4141676425933838,-0.15573954582214355,0.29135891795158386,-1.692253828048706,-0.21525748074054718,0.311544269323349,-1.9356926679611206,-0.2595467269420624,0.04133238270878792,-0.963492214679718,-0.15970756113529205,0.008712505921721458,-1.3569936752319336,-0.21681390702724457,0.017435533925890923,-1.6296048164367676,-0.25572067499160767,0.015584249049425125,-1.8453705310821533,-0.2839858829975128,-0.08697569370269775,-0.8420505523681641,-0.24111634492874146,-0.2323586642742157,-1.0906838178634644,-0.29429352283477783,-0.3195345401763916,-1.2908943891525269,-0.30603060126304626,-0.3830817937850952,-1.4703665971755981,-0.3078768253326416,0.39920559525489807,0.5104576349258423,0.9798023700714111,0.8909642696380615,0.6977942585945129
F,0.0,0.0,0.0,0.266032874584198,-0.12870073318481445,-0.07429355382919312,0.4931105077266693,-0.3181343376636505,-0.1324845403432846,0.6676859259605408,-0.43650931119918823,-0.20587709546089172,0.7392251491546631,-0.6054531931877136,-0.27276507019996643,0.3190437853336334,-0.8771088123321533,-0.058931294828653336,0.48524942994117737,-1.0528111457824707,-0.21184639632701874,0.6000797748565674,-0.893808901309967,-0.33245548605918884,0.6614505648612976,-0.6981282830238342,-0.39040035009384155,0.17336133122444153,-0.979634165763855,-0.10130532830953598,0.228868305683136,-1.4101598262786865,-0.16807344555854797,0.28145134449005127,-1.6855884790420532,-0.22793810069561005,0.30303022265434265,-1.923109531402588,-0.27144140005111694,0.033592041581869125,-0.966981053352356,-0.16730782389640808,0.0007747017662040889,-1.3622758388519287,-0.22865092754364014,0.006945292465388775,-1.6347934007644653,-0.26794692873954773,0.0035165941808372736,-1.8496767282485962,-0.2953668236732483,-0.09480039775371552,-0.8474751114845276,-0.24780899286270142,-0.23815388977527618,-1.0948549509048462,-0.30576610565185547,-0.3260444402694702,-1.2976369857788086,-0.3206048309803009,-0.3907963037490845,-1.4793564081192017,-0.3235234022140503,0.40348878502845764,0.5090659856796265,0.967422366142273,0.8924434185028076,0.7018691301345825
